locationId,providerId,locationName,registrationStatus,registrationDate,addressLine1,town,postcode,region,localAuthority,constituency,latitude,longitude,phoneNumber,regulatedActivities,gacServiceTypes,overallRating,overallRatingDate,numberOfBeds,website
1-10064258273,1-9491037344,Kent Case Management Ltd,Registered,30/12/2020,"The Stables, Bradbourne House,",West Malling,ME19 6DZ,South East,Kent,Maidstone and Malling,51.295547,0.4417548,7741497668,Personal care,Homecare agencies,Good,18/03/2022,0,www.kentcasemanagement.co.uk
1-10086956930,1-8974776775,Assured Healthcare Limited,Registered,24/12/2020,75 Wiltshire Close,Chatham,ME5 7SS,South East,Medway,Chatham and Aylesford,51.3652646,0.547372,1634320013,"Personal care; Treatment of disease, disorder or injury",Community services - Healthcare; Homecare agencies; Supported living,,,0,www.assuredhc.co.uk
1-10087632956,1-6192052130,Royalcare- Thanet,Registered,23/12/2020,Kent Innovation Centre,Broadstairs,CT10 2QQ,South East,Kent,East Thanet,51.358932,1.406302,1843838122,Personal care,Homecare agencies,Requires improvement,25/05/2022,0,www.royalcare24.co.uk
1-10204301199,1-118164017,Priory Supported Living Kent,Registered,25/02/2021,Buckland,Dover,CT17 0TQ,South East,Kent,Dover and Deal,51.1353848,1.2986252,1304202010,Personal care,Homecare agencies; Supported living,Good,11/11/2022,0,www.prioryadultcare.co.uk
1-10200463066,1-3982604534,PCAS Kent Ltd,Registered,14/01/2021,Unit 5,Faversham,ME13 8GD,South East,Kent,Faversham and Mid Kent,51.310679,0.8983101,3300535919,Personal care,Homecare agencies,,,0,
1-10212079624,1-102643252,SeeAbility - Kent Supported Living,Registered,14/01/2021,Laburnum House,Birchington,CT7 9DQ,South East,Kent,Herne Bay and Sandwich,51.3747686,1.3053497,7725424042,Personal care,Homecare agencies; Supported living,Good,01/07/2022,0,www.seeability.org
1-10240769912,1-9053846889,Fairway,Registered,21/04/2021,68 The Fairway,Rochester,ME1 2LU,South East,Medway,Rochester and Strood,51.367789,0.5024671,7305929868,Personal care,Homecare agencies,,,0,www.nobeltcare.co.uk
1-10336570859,1-9718215831,Devoted Homecare,Registered,17/02/2021,"7 Metford, Evegate Business Park",Ashford,TN25 6SX,South East,Kent,Ashford,51.1131994,0.9535976,1797360788,Personal care,Homecare agencies,Good,08/07/2022,0,
1-1040390924,1-184500761,MCH House,Registered,28/11/2013,Bailey Drive,Gillingham,ME8 0PZ,South East,Medway,Gillingham and Rainham,51.365888,0.570855,3001233444,"Personal care; Transport services, triage and medical advice provided remotely; Maternity and midwifery services; Treatment of disease, disorder or injury; Surgical procedures; Diagnostic and screening procedures",Community services - Healthcare; Homecare agencies; Dentist; Doctors/Gps; Community services - Learning disabilities; Mobile doctors; Phone/online advice,,,0,
1-10409575620,1-7187418734,Glorycrown Healthcare Ltd,Registered,26/02/2021,"S07 Second Floor, Knightrider House",Maidstone,ME15 6LU,South East,Kent,Maidstone and Malling,51.2708829,0.5238981,1622804574,"Personal care; Treatment of disease, disorder or injury",Homecare agencies; Supported living,Good,22/12/2022,0,www.glorycrown.co.uk
1-104968428,1-101625791,Marbleside Care,Registered,29/11/2010,23-27 Eaton Road,Margate,CT9 1XB,South East,Kent,East Thanet,51.3846934,1.3802267,1843292616,Personal care,Homecare agencies,Good,07/11/2020,25,
1-10535404297,1-9969482563,Tiger Lily Care,Registered,12/03/2021,3 Eden Road,Rochester,ME3 8ST,South East,Medway,Rochester and Strood,51.451531,0.563545,1634253819,Personal care,Homecare agencies,Good,26/01/2023,0,www.tigerlilycare.co.uk
1-10535587136,1-8660052839,Henderson Health Care,Registered,15/03/2021,"Suite 104F, 26 Kings Hill Avenue",West Malling,ME19 4AE,South East,Kent,Maidstone and Malling,51.2768529,0.3967155,7871151673,Personal care,Homecare agencies,,,0,www.hendersonsupport.co.uk
1-1054132568,1-979719472,Figtree Care Services Ltd,Registered,08/04/2015,"Suite 15, The Base",Dartford,DA1 5FS,South East,Kent,Dartford,51.450223,0.214894,1322314878,Personal care,Homecare agencies,Requires improvement,18/01/2020,0,www.figtreecareservices.co.uk
1-10598322684,1-9742096317,Platinum living care,Registered,30/03/2021,119a,Gillingham,ME7 2YX,South East,Medway,Gillingham and Rainham,51.3723659,0.5587036,7930203237,Personal care,Homecare agencies; Supported living,,,0,www.platinumlivingcare.co.uk
1-10631096735,1-9773563733,Simplex Healthcare Limited,Registered,21/04/2021,8 Premier Way,Sittingbourne,ME10 2GU,South East,Kent,Sittingbourne and Sheppey,51.3653748,0.7422859,7956555212,Personal care,Homecare agencies,Good,27/10/2022,0,
1-10675883005,1-9621815588,Greener Pastures Ltd,Registered,09/04/2021,4 Grieves Road,Gravesend,DA11 7JG,South East,Kent,Gravesham,51.4241755,0.3543527,,Personal care,Homecare agencies,,,0,www.greener-pastures.co.uk
1-10724452227,1-9833333349,Elizabeths Rose Home Care,Registered,22/04/2021,"Ground Floor, 6 Kings Row",Maidstone,ME15 6AQ,South East,Kent,Maidstone and Malling,51.2607458,0.5266706,1622296224,Personal care,Homecare agencies,Good,16/03/2023,0,www.elizabethsrose.co.uk
1-107292415,1-101703451,Welcome Home,Registered,17/02/2011,Cliff View Gardens,Sheerness,ME12 4NH,South East,Kent,Sittingbourne and Sheppey,51.407863,0.9066672,1795510884,Personal care,Homecare agencies,Good,21/10/2022,5,
1-1074985387,1-1024772695,Beach House,Registered,06/12/2013,1 Beach Avenue,Birchington,CT7 9JS,South East,Kent,Herne Bay and Sandwich,51.3780413,1.3015755,1843845922,Personal care; Accommodation for persons who require nursing or personal care,Residential homes; Homecare agencies,Good,03/07/2018,9,
1-10757577665,1-9929887255,Zander Mackenzie Care U.K. Limited,Registered,03/05/2021,"Ground Floor, Christopher House",Dartford,DA2 6EF,South East,Kent,Dartford,51.4384459,0.2495944,,Personal care,Homecare agencies; Supported living,Good,26/10/2023,0,
1-10841906240,1-10678452104,Head First,Registered,29/06/2021,Grove Mills,Cranbrook,TN18 4AS,South East,Kent,Tunbridge Wells,51.0488339,0.5100494,1580752275,"Personal care; Treatment of disease, disorder or injury",Homecare agencies,Good,09/01/2020,0,
1-10869741250,1-9741829970,Rayron Care Limited,Registered,28/06/2021,"The Old Courthouse, New Road Avenue",Chatham,ME4 6BE,South East,Medway,Rochester and Strood,51.3816394,0.5227013,1634255130,Personal care,Homecare agencies,,,0,www.rayroncare.com
1-10882613597,1-118166337,Endurance Kent- Broadstairs,Registered,12/05/2021,20 Granville Road,Broadstairs,CT10 1QB,South East,Kent,East Thanet,51.3555526,1.4402649,1843866509,Personal care,Supported living,,,0,www.nationalcaregroup.com
1-10984191735,1-2186667355,Longfield Integrated Care Centre,Registered,19/07/2021,"Tuppence House, Brickfield Farm",Longfield,DA3 7PJ,South East,Kent,Dartford,51.3951207,0.312618,1474705237,"Personal care; Treatment of disease, disorder or injury; Diagnostic and screening procedures",Homecare agencies; Doctors/Gps,,,0,www.longfieldpolyclinic.co.uk
1-112047455,1-101642389,TerraBlu Homecare,Registered,07/01/2011,9 Calverley Park Crescent,Tunbridge Wells,TN1 2NB,South East,Kent,Tunbridge Wells,51.1324226,0.2675756,1892529429,Personal care,Homecare agencies,Requires improvement,23/04/2022,0,www.terrablu.co.uk
1-112095895,1-101724282,Park View Domiciliary Care,Registered,18/01/2011,22 William Pitt Avenue,Deal,CT14 9QF,South East,Kent,Dover and Deal,51.2231701,1.390635,7872014850,Personal care,Homecare agencies; Supported living,Good,19/10/2019,0,
1-11253506008,1-10535653233,Home Instead Medway,Registered,13/07/2021,33A High Street,Gillingham,ME8 7HX,South East,Medway,Gillingham and Rainham,51.364741,0.604826,1634557055,Personal care,Homecare agencies,Good,29/04/2023,0,www.homeinstead.co.uk/medway
1-112765382,1-101667073,Town & Country Homecare Limited,Registered,01/03/2011,Unit 3B Pickhill Business Centre,Tenterden,TN30 7LZ,South East,Kent,Weald of Kent,51.0531402,0.6936787,1580762244,Personal care,Homecare agencies,Good,15/08/2023,0,www.townandcountryhomecare.co.uk
1-113078318,1-101686916,"Bluebird Care Canterbury, Thanet, Folkestone and Dover",Registered,03/12/2010,The Archive Centre,Dover,CT16 3EH,South East,Kent,Dover and Deal,51.1533646,1.2917575,1843250638,Personal care,Homecare agencies; Supported living,Good,17/07/2019,0,www.bluebirdcare.co.uk
1-11385647269,1-10883678505,AHE Care Services Limited,Registered,03/12/2021,32 Balmoral Road,Gillingham,ME7 4PG,South East,Medway,Gillingham and Rainham,51.3856927,0.5491799,1634786616,Personal care,Homecare agencies,,,0,
1-114401141,1-101647407,Tender Loving Carers,Registered,10/01/2011,"108-109, John Wilson Business Park",Whitstable,CT5 3QT,South East,Kent,Canterbury,51.356493,1.056452,1227772515,Personal care,Homecare agencies,Good,02/12/2020,0,www.tenderlovingcarers.com
1-11492774691,1-8901614165,LOD Care and Case Management Ltd,Registered,20/10/2021,Mount Pleasant House,Tonbridge,TN12 9AG,South East,Kent,Weald of Kent,51.1854062,0.5088303,7812524906,"Personal care; Treatment of disease, disorder or injury",Homecare agencies,,,0,
1-11499778921,1-10449009516,KEPA Care Solutions Limited,Registered,01/09/2021,"Suite D, Cliffe House",Rochester,ME2 4DY,South East,Medway,Rochester and Strood,51.3973524,0.5164053,7399126933,Personal care,Homecare agencies; Supported living,,,0,www.kepacare.co.uk
1-11567241962,1-118166337,National Care Group Kent Head Office,Registered,28/09/2021,"Suite 23, Kent Space",Chatham,ME5 8UD,South East,Medway,Chatham and Aylesford,51.3291356,0.5430154,1622580210,Personal care,Supported living,,,0,
1-11602771287,1-10155163472,Logic Care Solutions,Registered,06/10/2021,4 Bloors Lane,Gillingham,ME8 7EG,South East,Medway,Gillingham and Rainham,51.3671596,0.5971983,1634321967,Personal care,Homecare agencies,,,0,www.logiccaresolutions.co.uk/
1-11672985486,1-10955457205,Positive Solutions Kent CIC,Registered,21/09/2021,31 The Oaks,Ramsgate,CT12 5FN,South East,Kent,Herne Bay and Sandwich,51.3487308,1.3218938,,Personal care,Homecare agencies,,,0,
1-11673633571,1-5597146368,Atman Care,Registered,21/09/2021,6 Finchley Close,Dartford,DA1 1XR,South East,Kent,Dartford,51.4445604,0.2350972,7732686770,"Personal care; Treatment of disease, disorder or injury",Homecare agencies; Supported living,,,0,www.atmancare.co.uk
1-116961317,1-101675513,Thorndene,Registered,25/11/2010,Canterbury Road,Dover,CT15 7HZ,South East,Kent,Ashford,51.1391476,1.1627574,1303892244,Personal care; Accommodation for persons who require nursing or personal care,Residential homes; Supported living,,,17,www.thorndene.com
1-117049912,1-101640543,Camelot Lodge,Registered,03/11/2010,19 Christchurch Road,Folkestone,CT20 2SL,South East,Kent,Folkestone and Hythe,51.0804319,1.1715741,1303251215,Personal care; Accommodation for persons who require nursing or personal care,Residential homes; Homecare agencies,Good,20/02/2018,10,www.aclcarehomes.co.uk
1-11725605143,1-10687708149,Graceful Hands Care,Registered,01/11/2021,Avenue Business Centre,Chatham,ME4 6BA,South East,Medway,Rochester and Strood,51.38241,0.520716,7305929788,Personal care,Homecare agencies; Supported living,Requires improvement,18/03/2023,0,www.gracefulhandscare.co.uk
1-11726093188,1-10452194845,Open Doors Healthcare Services Ltd,Registered,04/10/2021,F01 Knightrider House,Maidstone,ME15 6LU,South East,Kent,Maidstone and Malling,51.2705911,0.5240053,7598724339,Personal care,Homecare agencies; Supported living,,,0,www.opendoorshealthcare.com
1-11745102196,1-935571070,Nexus Programme,Registered,04/10/2021,Bournewood Stores,Ashford,TN26 2HN,South East,Kent,Weald of Kent,51.0655375,0.857691,,Personal care,Supported living,Good,16/02/2023,0,www.nexusprogrammeltd.co.uk
1-118024554,1-101723348,Sunnybanks Home Care Service,Registered,10/12/2010,Little Basing,Cowden,TN8 7JU,South East,Kent,Tonbridge,51.143649,0.053385,7837406810,Personal care,Homecare agencies,Requires improvement,05/07/2019,0,
1-118306345,1-101658144,Rapid Care,Registered,26/11/2010,67 Station Road,Gillingham,ME8 7SB,South East,Medway,Gillingham and Rainham,51.3649296,0.6102404,1634377755,Personal care,Homecare agencies; Supported living,,,0,
1-118568862,1-101648925,ComCare,Registered,21/01/2011,Lower Herne Road,Herne Bay,CT6 7NE,South East,Kent,Herne Bay and Sandwich,51.3518724,1.1314132,1227365887,Personal care,Homecare agencies,Good,25/02/2023,0,www.strodepark.org.uk
1-118877200,1-101677449,LDC Supported Living,Registered,28/01/2011,109 Barton Road,Dover,CT16 2LX,South East,Kent,Dover and Deal,51.1348586,1.306108,1303276000,Personal care,Supported living,,,0,www.ldcdover.co.uk
1-118901967,1-101703352,Maylands,Registered,21/01/2011,Grosvenor Road,Whitstable,CT5 4NN,South East,Kent,Canterbury,51.348807,1.0225184,1227770232,Personal care; Accommodation for persons who require nursing or personal care,Residential homes; Supported living,Requires improvement,01/12/2021,18,www.whiterosecare.com
1-11909397939,1-5232257720,Vila Homecare,Registered,12/11/2021,Endeavour House,Dartford,DA1 2EN,South East,Kent,Dartford,51.4455434,0.210739,2033717015,Personal care,Homecare agencies; Supported living,Good,31/12/2022,0,www.vilahealthcare.co.uk/homecare
1-119183359,1-101723393,Direct Care (Kent),Registered,06/12/2010,20 High Street,Snodland,ME6 5DF,South East,Kent,Chatham and Aylesford,51.3301162,0.4420193,1634242499,Personal care,Homecare agencies,Good,19/06/2021,,
1-11958778286,1-10447871795,Kevin Cross Case Management Ltd,Registered,13/12/2021,"Unit 6, Ringles Business Park",Ashford,TN27 9LY,South East,Kent,Weald of Kent,51.1713505,0.6379047,7808845985,Personal care,Homecare agencies,,,0,
1-11984983358,1-10794429703,PentaCare (West Kent),Registered,07/12/2021,2 The Square,Sevenoaks,TN13 2AA,South East,Kent,Sevenoaks,51.283833,0.169609,1732905405,Personal care,Homecare agencies,Requires improvement,24/02/2023,0,www.pentacare.co.uk
1-120024595,1-101673251,Everycare (Medway/Swale) Limited,Registered,04/01/2011,"Suite 1, Delta House",Rochester,ME2 4HU,South East,Medway,Rochester and Strood,51.393063,0.513381,1634295630,Personal care,Homecare agencies; Supported housing,Good,13/11/2019,0,www.everycare.co.uk
1-120065835,1-101721352,Here2Care (Dartford),Registered,07/01/2011,"Suites 3.1, 3.3 & 4.2, First Floor office Suite",Dartford,DA1 5BU,South East,Kent,Dartford,51.4559746,0.2069674,1322225513,Personal care,Homecare agencies,Good,16/12/2020,0,www.here-2-care.co.uk
1-120635041,1-102642772,Pelham Road,Registered,10/01/2011,94 Pelham Road,Gravesend,DA11 0JB,South East,Kent,Gravesham,51.4369083,0.3579825,1474321079,Personal care,Supported living,Good,02/10/2019,0,www.efitzroy.org.uk
1-12069439966,1-11086270425,Haven Solutionz Ltd.,Registered,14/12/2021,2a 64,Dartford,DA1 1BX,South East,Kent,Dartford,51.4462611,0.2164311,2080506039,Personal care,Homecare agencies; Supported living,Good,23/05/2023,0,www.havensolutionz.co.uk
1-120785307,1-101667579,The Kent Autistic Trust - 14 High Street,Registered,21/01/2011,Brompton,Gillingham,ME7 5AE,South East,Medway,Rochester and Strood,51.3914607,0.5298619,1634405168,Personal care,Homecare agencies,Good,28/06/2019,0,www.kentautistic.com
1-120788654,1-101666913,Consultus Care And Nursing Ltd,Registered,01/12/2010,4 London Road,Tonbridge,TN10 3AB,South East,Kent,Tonbridge,51.201551,0.276153,1732355231,"Personal care; Treatment of disease, disorder or injury",Community services - Nursing; Homecare agencies; Rehabilitation (illness/injury),Good,20/02/2019,0,www.consultuscare.com
1-12174621096,1-11759540195,Courage Healthcare Ltd,Registered,10/12/2021,Office G02,Ashford,TN24 8DF,South East,Kent,Ashford,51.1501259,0.8744864,,Personal care,Supported living,,,0,
1-121788906,1-101666384,Birchwood Care Services,Registered,31/01/2011,Birchwood House,Speldhurst,TN3 0TU,South East,Kent,Tunbridge Wells,51.1549074,0.2291502,1892863710,Personal care,Homecare agencies,Requires improvement,19/05/2023,0,www.birchwoodcare.co.uk
1-1219053107,1-101669407,London Care (Rochester),Registered,24/02/2014,"Ground Floor, Stirling House",Rochester,ME2 4HN,South East,Medway,Rochester and Strood,51.3919428,0.5135879,1634294555,Personal care,Homecare agencies,,,0,www.londoncare.co.uk
1-12212526180,1-9978921035,Nirvana Care and Support Hubs,Registered,16/12/2021,83 High Street,Chatham,ME4 4EE,South East,Medway,Rochester and Strood,51.3837213,0.5206405,1634404441,Personal care,Supported living,,,0,www.nirvanacare.org.uk
1-12247986062,1-10711486257,Caremark (Sevenoaks & Tandridge),Registered,22/12/2021,"8C, The Old Yard, Rectory Lane",Westerham,TN16 1JR,South East,Kent,Sevenoaks,51.2769582,0.110547,1732446147,Personal care,Homecare agencies,Good,14/03/2023,0,www.caremark.co.uk/locations/sevenoaks-and-tandridge
1-123006986,1-102642990,United Response - Kent DCA,Registered,06/12/2010,"Office 3, Ingles Manor",Folkestone,CT20 2RD,South East,Kent,Folkestone and Hythe,51.080035,1.1685339,1303270024,Personal care,Homecare agencies,Good,28/12/2018,,www.unitedresponse.org.uk
1-12331421527,1-11853245046,New Option Support Limited - Main Office,Registered,17/01/2022,The Old Rectory,Gravesend,DA11 8HN,South East,Kent,Gravesham,51.4371377,0.3348277,7907824987,Personal care,Homecare agencies; Supported living,,,0,www.newoptionsupport.co.uk
1-1233784741,1-1126093531,Burham Court,Registered,05/02/2014,Burham,Rochester,ME1 3XX,South East,Kent,Chatham and Aylesford,51.3317317,0.4640704,1634869200,Personal care,Homecare agencies,Good,25/05/2018,0,www.clbd.org
1-123789584,1-101666877,Royal British Veterans Enterprise Care Agency,Registered,19/01/2011,"Royal British Veterans Enterprise Care Agency,",Aylesford,ME20 7SU,South East,Kent,Maidstone and Malling,51.2937544,0.4758498,1622717463,Personal care,Homecare agencies; Supported housing,Good,29/12/2018,0,www.rbli.co.uk
1-12402779742,1-11583808814,Seniors Helping Seniors,Registered,24/01/2022,18 Orchard Street,Canterbury,CT2 8AP,South East,Kent,Canterbury,51.282297,1.071415,1227454900,Personal care,Homecare agencies,Good,05/05/2023,0,www.seniorshelpingseniors.co.uk
1-12419394799,1-12131724285,Home Instead Canterbury,Registered,19/01/2022,"3 Jubilee Way, Unit 1",Faversham,ME13 8GD,South East,Kent,Faversham and Mid Kent,51.3107861,0.8983447,1227287911,Personal care,Homecare agencies,Good,04/05/2023,0,www.homeinstead.co.uk/canterbury
1-1242441072,1-118166357,Agincare UK Medway,Registered,17/02/2014,Nelson Court Care Centre,Chatham,ME5 7JZ,South East,Medway,Chatham and Aylesford,51.368182,0.5481677,1634405850,Personal care,Homecare agencies,Good,21/07/2021,0,
1-12452045403,1-11933874852,Care2Victory Services Ltd,Registered,07/02/2022,46 Dean Road,Sittingbourne,ME10 2DG,South East,Kent,Sittingbourne and Sheppey,51.3492482,0.7265552,3300430565,Personal care,Homecare agencies; Supported living,Good,29/04/2023,0,www.Care2Victory-services.com
1-12459568037,1-11015854191,Ezer Care Limited,Registered,07/02/2022,7 Viners Close,Sittingbourne,ME10 4QZ,South East,Kent,Sittingbourne and Sheppey,51.329737,0.7333538,1322223488,Personal care,Homecare agencies,,,0,
1-12465104017,1-11904873195,Blanche Caring Heart Ltd,Registered,08/02/2022,"Flat 13, Carl Ekman House",Gravesend,DA11 9PN,South East,Kent,Gravesham,51.4391253,0.3388863,7473639396,Personal care,Homecare agencies,,,0,
1-124663811,1-101654221,Harbour Care Home,Registered,30/11/2010,139 The Broadway,Herne Bay,CT6 8HY,South East,Kent,Herne Bay and Sandwich,51.3705801,1.1040937,1227741940,Personal care; Accommodation for persons who require nursing or personal care,Residential homes; Homecare agencies; Supported living,Good,10/05/2019,12,www.harbourcaregroup.co.uk
1-124720358,1-101679827,Angels Homecare Kent Ltd,Registered,13/12/2010,Watson House,Maidstone,ME16 0LS,South East,Kent,Maidstone and Malling,51.2917027,0.4961539,1622715500,Personal care,Homecare agencies,Good,28/03/2019,,
1-12494832719,1-10398224793,7 Byron Road,Registered,12/05/2022,7 Byron Road,Gillingham,ME7 5XX,South East,Medway,Gillingham and Rainham,51.3776768,0.5482638,3332249581,Personal care,Homecare agencies; Supported living,,,0,
1-12516664547,1-11582768194,Bumade Healthcare Services Ltd,Registered,08/02/2022,Innovation Centre Medway,Chatham,ME5 9FD,South East,Medway,Chatham and Aylesford,51.34745,0.507395,1634940709,Personal care,Homecare agencies,Requires improvement,03/05/2023,0,www.bumadehealthcare.com
1-12554095952,1-11386060818,Bellus Care and Support,Registered,09/02/2022,"Tuppence House, Brickfield Farm",Longfield,DA3 7PJ,South East,Kent,Dartford,51.3951207,0.312618,3302236294,Personal care,Homecare agencies,,,0,
1-125644806,1-101639856,Community Lifeline,Registered,13/12/2010,59 Station Road,Longfield,DA3 7QA,South East,Kent,Dartford,51.3970852,0.3000271,1474709000,Personal care,Homecare agencies; Supported living,Good,18/07/2019,0,www.communitylifeline.co.uk
1-125728290,1-101671512,Canterbury,Registered,14/01/2011,"Unit 88, Thomas Way",Canterbury,CT3 4NH,South East,Kent,Herne Bay and Sandwich,51.3171541,1.1727816,1227712300,Personal care,Homecare agencies,Good,11/04/2019,0,www.meridian-care.co.uk
1-125744411,1-101671512,Dover,Registered,14/01/2011,"1st Floor, 25 Castle Street",Dover,CT16 1PT,South East,Kent,Dover and Deal,51.1263995,1.3157526,1304240424,Personal care,Homecare agencies,Good,31/05/2019,0,www.meridian-care.co.uk
1-12655824294,1-11860097815,Longevity Care - Main Office,Registered,07/04/2022,"Unit 16, The Joinery Workshop",Chatham,ME4 4TZ,South East,Medway,Rochester and Strood,51.3950364,0.5283774,1634816005,Personal care,Homecare agencies; Supported living,Good,11/07/2023,0,longevitycare.co.uk
1-12670322150,1-12365487705,Safe Habitation Private Ltd,Registered,01/04/2022,56 Milton Road,Gillingham,ME7 5LN,South East,Medway,Gillingham and Rainham,51.3777927,0.5478966,,Personal care,Homecare agencies; Supported living,,,0,
1-12673575419,1-10575182323,Enspíra Ltd,Registered,01/03/2022,68 Pinewood Place,Dartford,DA2 7WQ,South East,Kent,Dartford,51.4332216,0.1769249,7815602803,Personal care,Homecare agencies,,,0,
1-126771099,1-101720227,Home Service Complete Care LLP,Registered,10/12/2010,102 Canterbury Road,Herne Bay,CT6 5SE,South East,Kent,Herne Bay and Sandwich,51.3670998,1.132209,1227362312,Personal care,Homecare agencies,Good,22/05/2019,0,
1-12700285289,1-12435124186,Independent Care Solutions T/A Agacia Care Ltd,Registered,21/03/2022,"Unit 6, Verralls Business Centre",Cranbrook,TN17 2AF,South East,Kent,Weald of Kent,51.1184076,0.5552367,1580388200,Personal care,Homecare agencies,Good,02/08/2023,0,www.brightstarcare.uk
1-12752280719,1-11314366232,City Support Limited,Registered,14/03/2022,53 Lansbury Crescent,Dartford,DA1 5DQ,South East,Kent,Dartford,51.4502658,0.2310886,7735348038,Personal care,Homecare agencies,,,0,www.citysupports.co.uk
1-12753220976,1-11272183887,Thrive Homecare,Registered,18/05/2022,Studio 53 Fruitworks Co-Working 1-2 Jewry Lane,Canterbury,CT1 2NP,South East,Kent,Canterbury,51.278743,1.0782214,1303764576,Personal care,Homecare agencies,,,0,
1-12854570760,1-12612447328,Hever Care Limited,Registered,30/03/2022,"1st Floor, Suite 11, Lonsdale Gate",Tunbridge Wells,TN1 1NU,South East,Kent,Tunbridge Wells,51.1309063,0.2622843,1732207944,Personal care,Homecare agencies,Good,11/07/2023,0,www.hevercare.co.uk/
1-128976339,1-101618185,Hale Place Farmhouse,Registered,07/01/2011,79 Old Road,Tonbridge,TN12 5EN,South East,Kent,Tonbridge,51.2124974,0.3919303,1622871081,Personal care; Accommodation for persons who require nursing or personal care,Residential homes; Homecare agencies,Outstanding,11/11/2017,13,www.haleplace.co.uk
1-12898793184,1-12649396997,Rosemont Care Medway,Registered,20/06/2022,Regent House,Strood,ME2 4WQ,South East,Medway,Rochester and Strood,51.3963367,0.4987784,1634717432,Personal care,Homecare agencies; Supported living,Requires improvement,22/12/2021,0,www.rosemontcare.co.uk
1-12925780008,1-6686661304,Moniks Care Services Limited,Registered,17/06/2022,"BizNiz Point, Crown House",Dartford,DA1 1DZ,South East,Kent,Dartford,51.446074,0.220207,7904995201,Personal care,Homecare agencies; Supported living,,,0,www.monikscarerservice.com
1-12963941567,1-11205878606,River Stone (UK) Limited,Registered,19/04/2022,31 Monarch Drive,Sittingbourne,ME10 2GE,South East,Kent,Sittingbourne and Sheppey,51.364057,0.7413661,7507824426,Personal care,Homecare agencies,Good,11/08/2023,0,www.riverstonecare.co.uk
1-13007329290,1-101721009,Beech Tree Total Care – Thanet,Registered,21/04/2022,"3rd Floor, Mill Lane House",Margate,CT9 1LB,South East,Kent,East Thanet,51.3858172,1.3827391,1843292925,Personal care,Homecare agencies; Supported housing,Requires improvement,06/11/2021,0,www.careathomeservices.co.uk
1-13031566881,1-11272724745,Bracknell House Head Office,Registered,28/04/2022,34 Helena Road,Folkestone,CT18 7LQ,South East,Kent,Dover and Deal,51.103684,1.216154,7899916908,Personal care,Supported living,,,0,
1-13050637487,1-11378951853,Universal Resolutions Ltd,Registered,29/04/2022,37-45 Balmoral Road,Gillingham,ME7 4NT,South East,Medway,Gillingham and Rainham,51.3863832,0.5502733,,Personal care,Homecare agencies; Supported living,,,0,
1-13135054562,1-13043681177,Mulberry House,Registered,01/07/2022,159 Barnsole Road,Gillingham,ME7 4JH,South East,Medway,Gillingham and Rainham,51.378611,0.558218,1634280703,Personal care,Homecare agencies,Good,26/05/2018,0,www.purecareuk.com
1-13212876086,1-10638062575,Q Leaf Care Limited,Registered,16/06/2022,14-16,Deal,CT14 6ES,South East,Kent,Dover and Deal,51.2230349,1.4039257,1304793060,Personal care,Homecare agencies,,,0,www.qleafcare.co.uk
1-13325950740,1-11975383825,The Bliss Homes Adult Services Ltd,Registered,15/07/2022,2 Millbrook Meadow,Ashford,TN23 4XL,South East,Kent,Ashford,51.1429272,0.84963,7495866318,Personal care,Homecare agencies; Supported living,,,0,cupidhomesandsupportservices.co.uk
1-133266850,1-101677610,Kent Shared Lives,Registered,17/01/2011,Kroner House,Ashford,TN24 8XU,South East,Kent,Ashford,51.1625208,0.8668477,3000412400,Personal care,Shared lives,Good,02/08/2017,0,www.kent.gov.uk/sharedlives
1-13330949714,1-4095054376,Angelus Homecare - Ashford,Registered,17/08/2022,30 North Street,Ashford,TN24 8JR,South East,Kent,Ashford,51.1504527,0.8735445,1233360018,Personal care,Homecare agencies,Requires improvement,30/12/2022,0,curantcare.co.uk
1-13401759424,1-4573404418,Intrinsic Care- Dartford,Registered,22/06/2022,Regus House,Dartford,DA2 6QD,South East,Kent,Dartford,51.455655,0.248784,1634931226,Personal care,Homecare agencies,,,0,
1-13401759303,1-4573404418,Intrinsic Care- Canterbury,Registered,22/06/2022,Lullingstone Court,Canterbury,CT1 2NX,South East,Kent,Canterbury,51.2769515,1.0776833,1634931226,Personal care,Homecare agencies,,,0,
1-13449471430,1-4095054376,Angelus Homecare - Dartford,Registered,10/08/2022,25 West Hill,Dartford,DA1 2EL,South East,Kent,Dartford,51.445336,0.2119281,,Personal care,Homecare agencies,,,0,
1-134761522,1-101664994,MiHomecare - Ramsgate,Registered,04/01/2011,Mildmay Court,Ramsgate,CT11 8JX,South East,Kent,East Thanet,51.336423,1.425227,3331218701,Personal care,Homecare agencies,Good,12/04/2018,0,www.mihomecare.com
1-13506557514,1-10751520494,Adonai Healthcare Services,Registered,07/07/2022,Office 2,Chatham,ME4 6BA,South East,Medway,Rochester and Strood,51.3823037,0.5214162,7545701020,Personal care,Homecare agencies,,,0,www.adonaihealthcareservices.co.uk
1-13536647790,1-10233054426,Nomase Supported Limited,Registered,12/07/2022,Office 1.4,Dartford,DA1 2JH,South East,Kent,Dartford,51.4444522,0.2123269,7935757467,Personal care,Homecare agencies; Supported living,,,0,www.nomase.co.uk
1-136778918,1-120627501,Terrance House,Registered,20/01/2011,7-19 Belgrave Road,Margate,CT9 1XQ,South East,Kent,East Thanet,51.385712,1.379888,1843224879,Personal care; Accommodation for persons who require nursing or personal care,Residential homes; Supported living,Good,24/01/2020,48,
1-13726468975,1-7707868406,Ashforhire Professionals Limited,Registered,09/08/2022,152 Beecholme Drive,Ashford,TN24 9BZ,South East,Kent,Ashford,51.1635343,0.878157,7735269399,"Personal care; Treatment of disease, disorder or injury",Homecare agencies; Supported living,,,0,
1-1375321078,1-1320123386,Fredrick's House,Registered,25/06/2014,13a St Stephens Court,Canterbury,CT2 7JP,South East,Kent,Canterbury,51.2885141,1.0795613,1227634410,Personal care,Supported living,Good,06/07/2018,0,
1-13788254565,1-13128817509,Neptune Solutions UK Ltd,Registered,23/08/2022,43 Penny Cress Road,Sheerness,ME12 3AN,South East,Kent,Sittingbourne and Sheppey,51.4111283,0.7897956,7881625246,Personal care,Homecare agencies; Supported living,,,0,
1-13924963082,1-12590502100,WeKare Personal Assistants Ltd,Registered,08/09/2022,Small Office,Deal,CT14 6EL,South East,Kent,Dover and Deal,51.2233363,1.4026786,1304268225,Personal care,Homecare agencies,,,0,www.we-kare.co.uk
1-13931191341,1-13354205369,Kent Care Consultants LTD,Registered,03/10/2022,Suite 2037 Letraset Building,Ashford,TN23 6LN,South East,Kent,Ashford,51.1335568,0.8685281,7472456191,Personal care,Homecare agencies,,,0,www.kentcareconsultants.co.uk
1-13931454343,1-13533195188,Care First 24 Ltd,Registered,01/10/2022,7 The Old Yard,Westerham,TN16 1JP,South East,Kent,Sevenoaks,51.2772223,0.110551,1732790001,"Personal care; Treatment of disease, disorder or injury",Homecare agencies; Supported living,,,0,
1-13945930703,1-13515445885,Penny Care Limited,Registered,31/10/2022,"Unit 4, 53 Bath Street",Gravesend,DA11 0DF,South East,Kent,Gravesham,51.4446531,0.3661049,7727142171,"Personal care; Treatment of disease, disorder or injury",Homecare agencies,,,0,www.pennycare.co.uk
1-13980883835,1-13126909033,The BIS Services - DCS,Registered,10/10/2022,GHL House,Maidstone,ME14 5DZ,South East,Kent,Maidstone and Malling,51.2746272,0.53055,1622584456,Personal care,Homecare agencies,,,0,www.thebiss.co.uk
1-1410558169,1-1379610354,I Say Supported Living Services Limited,Registered,28/05/2014,"Unit 82, Riverside Estate",Rochester,ME2 4BH,South East,Medway,Rochester and Strood,51.3896352,0.5176153,1634712168,Personal care,Homecare agencies; Supported living,Good,19/03/2019,0,
1-14138578592,1-10006742735,Inspire Care Agencies Limited,Registered,03/11/2022,10 Quarry Hill Parade,Tonbridge,TN9 2HR,South East,Kent,Tonbridge,51.1899607,0.2699995,,Personal care,Homecare agencies,,,0,
1-14259416846,1-13348220940,March Services Care-Kent,Registered,28/10/2022,4 Quartz Way,Sittingbourne,ME10 5AA,South East,Kent,Sittingbourne and Sheppey,51.3510176,0.715926,,Personal care,Homecare agencies,,,0,
1-14279797281,1-13315332234,Mariah Care Ltd Main Office,Registered,16/11/2022,Suite 316 Kingsley House,Gillingham,ME7 4NT,South East,Medway,Gillingham and Rainham,51.3862504,0.5499131,1634959463,Personal care,Homecare agencies,,,0,www.mariahcare.co.uk
1-14333378903,1-10756694805,Nurse at Home Ltd,Registered,08/11/2022,"Unit 32, Maidstone Innovation Centre",Maidstone,ME14 5FY,South East,Kent,Faversham and Mid Kent,51.2846556,0.5564675,1622234646,Personal care,Homecare agencies,,,0,
1-1434698282,1-102643122,Kent and Medway Domiciliary Care Agency,Registered,03/06/2014,5 Highpoint Business Park,Ashford,TN24 8DH,South East,Kent,Ashford,51.150686,0.884528,1233636724,Personal care,Homecare agencies; Supported living,Requires improvement,02/09/2023,0,www.voyagecare.com
1-1438762899,1-101677610,Kent Enablement at Home,Registered,12/06/2014,"Worrall House, 30 Kings Hill Avenue",West Malling,ME19 4AE,South East,Kent,Maidstone and Malling,51.2768621,0.3986424,3000411480,Personal care,Homecare agencies,Good,05/09/2018,0,
1-14395106088,1-12501737734,Beulah Care Training And Services Limited,Registered,21/11/2022,"Rose Villa, Nelson Road",Gravesend,DA11 7ED,South East,Kent,Gravesham,51.43225,0.353818,7919093754,Personal care,Homecare agencies,,,0,www.beulahcare.co.uk/
1-14415894032,1-13929684655,Tashn Limited,Registered,21/11/2022,Unit 5,Gravesend,DA11 0RG,South East,Kent,Gravesham,51.4365814,0.3518648,7811437116,"Personal care; Treatment of disease, disorder or injury",Homecare agencies; Supported living,,,0,
1-144263091,1-101694250,Cornford House,Registered,29/12/2010,Cornford Lane,Tunbridge Wells,TN2 4QS,South East,Kent,Tunbridge Wells,51.1421496,0.3136882,1892820100,"Personal care; Accommodation for persons who require nursing or personal care; Treatment of disease, disorder or injury",Nursing homes; Residential homes; Supported living,Requires improvement,19/10/2022,74,www.cornfordhouse.co.uk
1-14498490267,1-13782635677,Leadwood Care Limited,Registered,05/12/2022,7 Hilary Gardens,Rochester,ME1 3PY,South East,Medway,Rochester and Strood,51.3712318,0.4829329,7597769445,Personal care,Homecare agencies,,,0,
1-14501394394,1-9369617878,Prudent Domiciliary Care,Registered,14/12/2022,"Unit 3, Epps Building",Ashford,TN23 1BB,South East,Kent,Ashford,51.1504132,0.8578571,1322686765,Personal care,Homecare agencies,,,0,
1-14575204422,1-12946012709,Eclectic Care Ltd,Registered,17/01/2023,"Suite FB9 B, Old Library",Maidstone,ME14 1LH,South East,Kent,Maidstone and Malling,51.2757797,0.5195358,1622801285,Personal care,Homecare agencies; Supported living,,,0,www.eclecticcare.co.uk
1-14594650853,1-14172462527,Harlon Healthcare Limited,Registered,16/12/2022,34 Bow Arrow Lane,Dartford,DA2 6PA,South East,Kent,Dartford,51.4469647,0.239117,1322632652,"Personal care; Treatment of disease, disorder or injury",Homecare agencies; Supported living,,,0,
1-14622716166,1-3932127552,Vibrant Homecare Maidstone,Registered,23/01/2023,"F12, Bizspace Maidstone",Maidstone,ME15 6LP,South East,Kent,Maidstone and Malling,51.2706431,0.5245875,3301741402,Personal care,Homecare agencies,Requires improvement,11/11/2023,0,www.f-hr.co.uk
1-14636876805,1-11895154025,Faysha Limited,Registered,23/01/2023,"Unit 2, Queens Street",Gravesend,DA12 2EE,South East,Kent,Gravesham,51.4423236,0.3711971,,Personal care,Homecare agencies; Supported living,,,0,
1-14690849307,1-14362740378,Saintly Care Limited,Registered,13/01/2023,OFF10 Armadillo Canterbury,Canterbury,CT1 1DX,South East,Kent,Canterbury,51.2915657,1.1009247,,Personal care,Homecare agencies,,,0,
1-14645052049,1-13891682770,A1 Healthcare Solutions,Registered,26/01/2023,65 Ordnance Street,Chatham,ME4 6SB,South East,Medway,Chatham and Aylesford,51.3781117,0.5190001,,Personal care,Homecare agencies,,,0,
1-14764795930,1-101666330,Forge House Care North Kent,Registered,26/01/2023,11 St. Marys Close,Gravesend,DA12 5PA,South East,Kent,Gravesham,51.4308206,0.3766453,1634671404,Personal care,Supported living,,,0,www.forgehousecare.com
1-147720239,1-101688684,Audley Care - Audley Care Willicombe Park,Registered,03/12/2010,Willicombe House,Tunbridge Wells,TN2 3UU,South East,Kent,Tunbridge Wells,51.1360469,0.2832918,1892616769,Personal care,Homecare agencies,Good,14/01/2020,0,www.audleycare.co.uk
1-14787112902,1-12830266481,Care Advisory & Respite Experts Ltd,Registered,13/01/2023,26 Well Close,Tonbridge,TN11 8RQ,South East,Kent,Tonbridge,51.1951029,0.2142724,1732914098,Personal care,Homecare agencies,,,0,www.careltd.com
1-14836635686,1-14530586185,Parry Healthcare Limited,Registered,25/02/2023,78 Gordon Road,Chatham,ME4 5LU,South East,Medway,Chatham and Aylesford,51.3733399,0.5343901,1634394981,Personal care,Homecare agencies,,,0,www.parryhealthcare.co.uk
1-14857528445,1-172521302,Yourlife (Dover),Registered,24/01/2023,Elkington House,Dover,CT16 1AP,South East,Kent,Dover and Deal,51.1324382,1.3068066,1304202479,Personal care,Supported housing,,,0,
1-14878061926,1-11099404620,Platinum Housing Support and Care Ltd (Crown House),Registered,27/01/2023,Suite 31 Kent Space,Chatham,ME5 8UD,South East,Medway,Chatham and Aylesford,51.3289419,0.5444833,7427132543,Personal care,Homecare agencies,,,0,
1-14937204954,1-14571401658,Able Hands Healthcare Ltd,Registered,05/04/2023,"Units 64 A B C, Dockside Outlet Centre",Chatham,ME4 3ED,South East,Medway,Rochester and Strood,51.4007778,0.534564,7800966092,Personal care,Homecare agencies; Supported living,,,0,www.ablehandshealthcare.com
1-14954906225,1-14486167581,Caremark Ashford & Shepway,Registered,06/02/2023,"Suite 1, Unit 3",Ashford,TN24 8DH,South East,Kent,Ashford,51.1516915,0.8852,1233423330,Personal care,Homecare agencies,,,0,caremark.co.uk/locations/ashford-and-shepway
1-15013335780,1-14428228019,2Dees Ltd,Registered,08/03/2023,26 Wordsworth Way,Dartford,DA1 5NZ,South East,Kent,Dartford,51.4556823,0.2355416,,Personal care,Homecare agencies,,,0,
1-15070047172,1-13719623480,Decimal Healthcare Services - Main Office,Registered,22/02/2023,Storage King Dartford,Dartford,DA2 6HH,South East,Kent,Dartford,51.4383847,0.243374,3335779094,Personal care,Homecare agencies,,,0,www.decimalhealthcare.co.uk
1-15083433584,1-6455105516,Alina Homecare - Maidstone,Registered,24/02/2023,Unit F4 (Part First Floor),Maidstone,ME15 6JF,South East,Kent,Maidstone and Malling,51.2601045,0.5272929,1622392922,Personal care,Homecare agencies,,,0,www.alinahomecare.com/locations/maidstone/
1-15076940521,1-14589196743,Oaks Care Holdings LTD,Registered,01/03/2023,41 Amethyst Drive,Sittingbourne,ME10 5JR,South East,Kent,Sittingbourne and Sheppey,51.3506447,0.7224475,1732440210,Personal care,Homecare agencies,,,0,
1-15103901784,1-14580065208,Aspire Home Carers (Ramsgate) Ltd,Registered,08/02/2023,Discovery Park,Sandwich,CT13 9FF,South East,Kent,Herne Bay and Sandwich,51.2877555,1.3443824,7908947662,Personal care,Homecare agencies,Good,04/11/2022,0,
1-15109833159,1-14566163775,Amora Care - Main Office,Registered,01/03/2023,"Unit B1, Speldhurst Business Park",Tunbridge Wells,TN3 0AQ,South East,Kent,Tunbridge Wells,51.1455229,0.2189755,1892336842,Personal care,Homecare agencies,,,0,
1-15119325865,1-14863643159,Visiting Angels North West Kent,Registered,28/04/2023,Unit 2 Horton Road,Dartford,DA4 9LW,South East,Kent,Sevenoaks,51.4029871,0.2465124,7957165444,Personal care,Homecare agencies,,,0,www.visiting-angels.co.uk
1-15199356006,1-15126086868,Compass House,Registered,05/05/2023,84 Holland Road,Maidstone,ME14 1UT,South East,Kent,Maidstone and Malling,51.2774397,0.5296683,1622722400,Personal care,Homecare agencies; Supported living,Requires improvement,21/03/2023,0,
1-1525242076,1-118163873,Home Instead,Registered,30/07/2014,"Unit 1, Little Cliffsend Farm",Ramsgate,CT12 5HP,South East,Kent,East Thanet,51.330257,1.381448,1843862268,Personal care,Homecare agencies,Good,28/08/2019,0,www.homeinstead.co.uk/Broadstairs
1-15274827350,1-14822207731,Care Matrix Homecare,Registered,31/03/2023,Wises Oast,Sittingbourne,ME9 8LR,South East,Kent,Sittingbourne and Sheppey,51.3387694,0.7058433,2080580529,Personal care,Homecare agencies; Supported living,,,0,www.carematrix.uk
1-15302138723,1-10649599170,CCS Care Ltd,Registered,12/04/2023,"FA3B, The Old Library",Maidstone,ME14 1LH,South East,Kent,Maidstone and Malling,51.2755854,0.5189073,,Personal care,Homecare agencies; Supported living,,,0,
1-15351517090,1-14976795055,Extended Caring Limited,Registered,17/04/2023,12 Green Oak Crescent,Sittingbourne,ME9 8GR,South East,Kent,Sittingbourne and Sheppey,51.3719478,0.7262632,7988749544,Personal care,Homecare agencies,,,0,www.extendedcaringlimited.co.uk
1-15560556765,1-118166337,Endurance Care Deal and Hythe Head Office,Registered,24/04/2023,"Unit 12 Discovery Park, Innovation House",Sandwich,CT13 9ND,South East,Kent,Herne Bay and Sandwich,51.2864429,1.3462084,7376427340,Personal care,Supported living,,,0,
1-1562395381,1-1516343456,Bee's Care Agency Limited,Registered,07/08/2014,154 City Way,Rochester,ME1 2AU,South East,Medway,Rochester and Strood,51.3766729,0.5104111,1634719662,Personal care,Homecare agencies,,,0,www.beescareagency.co.uk
1-1562746096,1-1389950203,Kent Home Care Limited,Registered,16/08/2014,2 Oaten Hill Court,Canterbury,CT1 3HS,South East,Kent,Canterbury,51.2743378,1.0850513,1227788700,Personal care,Homecare agencies,Good,22/08/2019,0,www.kenthomecare.com
1-15642971295,1-9043388006,Your Care Nursing Ltd,Registered,25/04/2023,71 Colney Road,Dartford,DA1 1TQ,South East,Kent,Dartford,51.4446255,0.229274,7985713385,Personal care,Homecare agencies; Supported living,,,0,www.yourcarenursing.co.uk
1-156868778,1-101694259,Hazeldene House,Registered,17/01/2011,Romford Road,Tunbridge Wells,TN2 4AY,South East,Kent,Tunbridge Wells,51.145397,0.3362704,1892823018,"Personal care; Accommodation for persons who require nursing or personal care; Treatment of disease, disorder or injury",Community services - Nursing; Nursing homes; Residential homes; Homecare agencies; Supported living,Good,11/06/2022,78,www.hazeldenehouse.com
1-1573513396,1-101677610,Kent Enablement at Home,Registered,15/08/2014,Kroner House,Ashford,TN24 8XU,South East,Kent,Ashford,51.1625208,0.8668477,3000410404,Personal care,Homecare agencies,Good,06/07/2019,0,
1-15827017990,1-14573832575,69 Burroughs Drive Dartford,Registered,10/05/2023,69 Burroughs Drive,Dartford,DA1 5TW,South East,Kent,Dartford,51.4500805,0.2237778,7853453332,Personal care,Homecare agencies; Supported living,,,0,
1-15871204929,1-11003990637,Victory Locum Limited Kent,Registered,18/05/2023,"Office 3, Suite 3B, Beta House",Rochester,ME2 4HU,South East,Medway,Rochester and Strood,51.3926136,0.512968,7369214068,Personal care,Homecare agencies,,,0,www.victorylocum.com
1-15914854975,1-15231179533,Kem Healthcare And Consulting Ltd,Registered,02/08/2023,Flat 5,Chatham,ME4 4EQ,South East,Medway,Rochester and Strood,51.3831542,0.5187313,1634943300,Personal care,Homecare agencies,,,0,
1-15920617478,1-15252521803,Respect 4Care Ltd,Registered,08/06/2023,122 High Street,Herne Bay,CT6 5JY,South East,Kent,Herne Bay and Sandwich,51.3711799,1.1271841,1227532296,Personal care,Homecare agencies,,,0,
1-15920632534,1-15124880927,Shamrock Road,Registered,22/06/2023,40 Shamrock Road,Gravesend,DA12 2LH,South East,Kent,Gravesham,51.436918,0.3947278,7575154975,Personal care,Homecare agencies,,,0,
1-159640070,1-131465019,"Bluebird Care (Maidstone, Tonbridge & Royal Tunbridge Wells)",Registered,25/01/2011,47 The Terrace,Gravesend,DA12 2DL,South East,Kent,Gravesham,51.4434422,0.3751422,1622618786,Personal care,Homecare agencies,Good,24/04/2019,0,www.bluebirdcare.co.uk
1-16293463323,1-15331585090,S and N Care Ltd,Registered,13/06/2023,26 Kings Hill Avenue,West Malling,ME19 4AE,South East,Kent,Maidstone and Malling,51.276847,0.396749,,Personal care,Homecare agencies,,,0,www.sn-care.com
1-16297565700,1-15389880500,121 Rochester Avenue,Registered,13/07/2023,121 Rochester Avenue,Rochester,ME1 2DR,South East,Medway,Rochester and Strood,51.3812918,0.5061686,,Personal care,Homecare agencies,,,0,
1-163076320,1-101681421,Anchor Domiciliary Care,Registered,25/01/2011,126 High Street,Rochester,ME2 4TR,South East,Medway,Rochester and Strood,51.3961113,0.4921702,1634297777,Personal care,Homecare agencies; Supported living,Good,24/11/2018,0,
1-16309567410,1-15076234656,"Maidstone, Kent",Registered,14/06/2023,17 Saltwood Road,Maidstone,ME15 6UY,South East,Kent,Maidstone and Malling,51.2603694,0.5201258,7876733136,Personal care,Homecare agencies,,,0,www.eclhealthcare.co.uk
1-16380703575,1-15226698538,Chime Care Limited,Registered,21/06/2023,F10 Crown House,Dartford,DA1 1DZ,South East,Kent,Dartford,51.4460743,0.2202345,2080499776,Personal care,Homecare agencies,,,0,www.chimecare.co.uk
1-16429710087,1-15354145195,Dunamis Consultancy Ltd,Registered,21/07/2023,"G04, The Nucleus",Dartford,DA1 5GA,South East,Kent,Dartford,51.4608804,0.2308877,1322475021,Personal care,Homecare agencies,,,0,www.dunamisconsultancy.com
1-16438193852,1-15061324997,Dominion Logic Services,Registered,30/06/2023,2 Breeze Meadow,Faversham,ME13 7FZ,South East,Kent,Faversham and Mid Kent,51.3174403,0.8682413,3300436303,Personal care,Homecare agencies; Supported living,,,0,
1-16531343828,1-15183152611,Mission Health UK Limited,Registered,20/07/2023,Regus House,Dartford,DA2 6QD,South East,Kent,Dartford,51.455655,0.248784,778267809,Personal care,Homecare agencies,,,0,www.mission-health.co.uk
1-16531344371,1-15828227519,Adenosh Limited,Registered,25/07/2023,107 Saxton Street,Gillingham,ME7 5EG,South East,Medway,Gillingham and Rainham,51.3860637,0.5426498,7722399774,"Personal care; Treatment of disease, disorder or injury",Homecare agencies; Supported living,,,0,www.adenoshlimited.co.uk
1-1655211855,1-1602725931,Avelo Care,Registered,18/09/2014,Unit 28 Maple Leaf Business Park,Ramsgate,CT12 5GD,South East,Kent,Herne Bay and Sandwich,51.3497726,1.3238451,1843307067,Personal care,Homecare agencies,Good,12/04/2023,0,www.avelocare.co.uk
1-16580302911,1-12731339341,East Kent Mencap,Registered,14/08/2023,Foresters Hall,Ramsgate,CT11 9RT,South East,Kent,East Thanet,51.3350847,1.4161958,1843808964,Personal care,Homecare agencies; Supported living,,,0,www.eastkentmencap.co.uk
1-166512051,1-139035676,Kent Social Care Professionals Domiciliary Service,Registered,03/02/2011,2 Woodville Road,Maidstone,ME15 7BS,South East,Kent,Maidstone and Malling,51.26591,0.5267685,1622764014,Personal care,Homecare agencies,Requires improvement,21/10/2021,0,www.kentscp.com
1-16967062508,1-11633500380,Hayley Lodge,Registered,26/09/2023,50 London Road,Canterbury,CT2 8LF,South East,Kent,Canterbury,51.2828302,1.0663728,1227851548,Personal care,Supported living,,,0,www.cittacare.co.uk/
1-17056933267,1-15827591330,Primrose Community Healthcare Limited Office,Registered,09/08/2023,2 Hobourn House,Rochester,ME2 2EG,South East,Medway,Rochester and Strood,51.3915882,0.4901319,7778712710,"Personal care; Treatment of disease, disorder or injury",Homecare agencies,,,0,www.pch-care.com
1-17062321393,1-15956745905,Pensal Healthcare,Registered,17/08/2023,33 Buttercup Avenue,Sheerness,ME12 3FX,South East,Kent,Sittingbourne and Sheppey,51.4131296,0.8018632,1795870923,Personal care,Homecare agencies,,,0,
1-17188580719,1-101666330,Forge House Care West Kent,Registered,21/09/2023,44 - 52 Queens Road,Gillingham,ME7 4LP,South East,Medway,Gillingham and Rainham,51.3822434,0.5492221,,Personal care,Supported living,,,0,
1-17191603159,1-16352165698,The Right Healthcare Services Ltd,Registered,03/10/2023,7 The Boardwalk,Gillingham,ME7 1FU,South East,Medway,Gillingham and Rainham,51.3962254,0.5567934,7478879615,Personal care,Homecare agencies,,,0,
1-17194800341,1-16380343102,Comfort at Home Care,Registered,05/10/2023,15 The Chimes,Rochester,ME3 9JF,South East,Medway,Rochester and Strood,51.427317,0.5607856,,Personal care,Homecare agencies,,,0,
1-17193849731,1-15892682101,Head Office,Registered,18/09/2023,Avenue Business Centre,Chatham,ME4 6BA,South East,Medway,Rochester and Strood,51.38241,0.520716,7863711244,Personal care,Homecare agencies,,,0,www.begoodcare.com
1-17375373149,1-16380343204,Complete Home Care,Registered,15/09/2023,171 Lunsford Lane,Aylesford,ME20 6HP,South East,Kent,Chatham and Aylesford,51.3048104,0.4328272,7305338489,Personal care,Homecare agencies,,,0,www.completehomecarekent.com
1-17376730380,1-15839920663,Heights Healthcare Ltd,Registered,27/10/2023,Flat 3b The Old Library,Maidstone,ME14 1LH,South East,Kent,Maidstone and Malling,51.2757788,0.5195654,7960167156,"Personal care; Treatment of disease, disorder or injury",Homecare agencies,,,0,
1-17517236485,1-397085785,The Shrubbery,Registered,21/09/2023,43-45,Gillingham,ME7 4AQ,South East,Medway,Gillingham and Rainham,51.3752014,0.5558,1634717085,Personal care; Accommodation for persons who require nursing or personal care,Residential homes; Homecare agencies,,,28,
1-17583291130,1-16380343043,Ceaseless Care Limited,Registered,21/09/2023,Regus House,Dartford,DA2 6QD,South East,Kent,Dartford,51.455655,0.248784,2082281112,Personal care,Homecare agencies,,,0,www.ceaselesscarelimited.co.uk
1-17584306524,1-6286043657,Deluxe Healthcare Services,Registered,21/09/2023,3 Abberley Park,Maidstone,ME14 5GD,South East,Kent,Maidstone and Malling,51.2810758,0.5366449,7985464021,Personal care,Homecare agencies; Supported living,,,0,www.deluxehealthcare.co.uk
1-17585208609,1-15977891917,Lagracious Healthcare Limited,Registered,21/09/2023,11 Quartz Way,Sittingbourne,ME10 5AA,South East,Kent,Sittingbourne and Sheppey,51.3510317,0.716435,7508073742,Personal care,Homecare agencies,,,0,
1-17590652985,1-15929539051,Elite At Home,Registered,21/09/2023,Unit 4a,Margate,CT9 5QX,South East,Kent,Herne Bay and Sandwich,51.3825485,1.3703801,1843636188,Personal care,Homecare agencies,,,0,
1-17708690875,1-9770247686,Alder Associates Office,Registered,03/10/2023,167a John Wilson Business Park,Whitstable,CT5 3RA,South East,Kent,Canterbury,51.3577596,1.0563511,1227287878,"Personal care; Treatment of disease, disorder or injury",Homecare agencies,,,0,www.alderassociates.co.uk
1-17708913669,1-8530414348,131 Trafalgar Street,Registered,05/10/2023,131 Trafalgar Street,Gillingham,ME7 4RP,South East,Medway,Gillingham and Rainham,51.3837154,0.5495763,1634577566,Personal care,Homecare agencies,,,0,www.rehobothnursingagency.com/
1-17712996285,1-16309712510,Care Infinity Solutions - Main Office,Registered,09/10/2023,11 Blacksmith Lane,Rochester,ME3 9XW,South East,Medway,Rochester and Strood,51.4218247,0.5717798,7743170793,Personal care,Homecare agencies; Supported living,,,0,
1-17715971456,1-15861410575,Mavin Care Ltd,Registered,11/10/2023,3 Kestrel House,Maidstone,ME15 6LU,South East,Kent,Maidstone and Malling,51.2709572,0.5238906,7555141220,Personal care,Homecare agencies,,,0,
1-17716385805,1-15218587646,Bluetop Care Ltd,Registered,19/10/2023,99 Laburnum Road,Rochester,ME2 2LB,South East,Medway,Rochester and Strood,51.3874286,0.474175,,Personal care,Homecare agencies; Supported housing; Shared lives; Supported living,,,0,
1-17717913865,1-15112158561,Forever Care Agency,Registered,13/10/2023,"Unit 1, Swanscombe Business Centre",Swanscombe,DA10 0LH,South East,Kent,Dartford,51.4505049,0.3074133,2034323825,Personal care,Homecare agencies,,,0,www.forever-care.co.uk
1-17717941515,1-15925567598,Gillingham Park House,Registered,18/10/2023,260-262,Gillingham,ME7 4NA,South East,Medway,Gillingham and Rainham,51.376362,0.5518155,1634572244,Personal care,Supported living,,,0,
1-17889810875,1-177568286,Austen Allen Homecare - East Kent,Registered,25/10/2023,"Unit 5a, Westmount House",Margate,CT9 2RP,South East,Kent,East Thanet,51.3875101,1.3979015,1322424558,Personal care,Homecare agencies,,,0,www.aa-homecare.co.uk
1-17926392343,1-14260079497,Shabanie Socio-Healthcare Services Limited Head Office,Registered,06/12/2023,"Office no 102P, Victoria Way, Admirals Park, Crossways Dartford",Dartford,DA2 6QD,South East,Kent,Dartford,51.4556549,0.2488126,,Personal care,Homecare agencies,,,0,shabanieshc.co.uk/
1-17933730547,1-13121748167,Rela Support Services Ltd,Registered,31/10/2023,Suite 7 Aja Business Centre,Medway,ME1 3EZ,South East,Kent,Chatham and Aylesford,51.350053,0.501303,1634964350,Personal care,Homecare agencies,,,0,www.relasupportservices.co.uk
1-17967535610,1-15976462304,Savanna Living Limited,Registered,07/12/2023,128 Blean Common,Canterbury,CT2 9JJ,South East,Kent,Canterbury,51.310455,1.0387534,7557340270,Personal care,Homecare agencies; Supported living,,,0,savannaliving.co.uk
1-18125956823,1-16514929188,Right at Home Bexley & Dartford,Registered,21/11/2023,"G07a, The Nucleus",Dartford,DA1 5GA,South East,Kent,Dartford,51.4608803,0.2308878,1322933933,Personal care,Homecare agencies,,,0,
1-18187042445,1-15982319973,Infinite Oasis Healthcare Ltd,Registered,30/11/2023,47 Old Park Avenue,Canterbury,CT1 1DN,South East,Kent,Canterbury,51.2876968,1.0992726,7415348607,Personal care,Homecare agencies; Supported living,,,0,www.iohealthcare.org
1-18281743104,1-14848960191,Channel Community Care Ltd,Registered,12/01/2024,Ingles Manor,Folkestone,CT20 2RD,South East,Kent,Folkestone and Hythe,51.0800314,1.1685018,1303856100,Personal care,Homecare agencies,,,0,
1-18283233177,1-15978034586,CS Hub Limited,Registered,12/01/2024,Pluto House,Tunbridge Wells,TN1 1DJ,South East,Kent,Tunbridge Wells,51.1301738,0.2615624,1892342712,Personal care,Homecare agencies; Supported living,,,0,
1-18316880765,1-16423529785,Joyous Healthcare (UK) Ltd,Registered,12/01/2024,5A Centre Court Sir Thomas Longley Road,Rochester,ME2 4AZ,South East,Medway,Rochester and Strood,51.4011334,0.5111347,,Personal care,Homecare agencies,,,0,
1-18386960146,1-16969325032,Right Haven for Care Ltd,Registered,03/01/2024,Suite 308 Kingsley House,Gillingham,ME7 4NT,South East,Medway,Gillingham and Rainham,51.3863986,0.5503574,7411799091,Personal care,Homecare agencies,,,0,
1-18326398956,1-178020471,Chameleon Care Ltd (Dover),Registered,20/12/2023,"1st Floor, St Radigunds Community Centre",Dover,CT17 0HL,South East,Kent,Dover and Deal,51.1322146,1.2789684,1304215382,"Personal care; Treatment of disease, disorder or injury",Homecare agencies,Good,20/02/2020,0,www.chameleoncares.co.uk/
1-1839769798,1-233583072,Hamilton House,Registered,02/01/2015,84-86 High Street,Gillingham,ME8 7JH,South East,Medway,Gillingham and Rainham,51.3632602,0.6077631,1634780909,Personal care,Homecare agencies,Good,23/03/2019,0,www.bluebirdcare.co.uk
1-18388171774,1-16899478826,GoodOaks Homecare - South Kent,Registered,04/01/2024,"The Panorama,",Ashford,TN24 8DF,South East,Kent,Ashford,51.1501259,0.8744864,1233221500,Personal care,Homecare agencies,,,0,www.goodoakshomecare.co.uk/southkent
1-18444528725,1-16982952995,Vitality Support Ltd,Registered,18/01/2024,19 Rochester Crescent,Rochester,ME3 9JH,South East,Medway,Rochester and Strood,51.4262808,0.5571205,7828070407,Personal care,Homecare agencies,,,0,www.vitalitysupport.co.uk
1-18445130262,1-17193845765,Caremore Companions,Registered,09/02/2024,Sevenoaks Business Hub,Sevenoaks,TN13 3QG,South East,Kent,Sevenoaks,51.2866489,0.1893021,7721131299,Personal care,Homecare agencies,,,0,www.caremorecompanions.co.uk/
1-18445823045,1-14963803961,Mental Capacity Consult Ltd,Registered,18/01/2024,198 St. Williams Way,Rochester,ME1 2PF,South East,Medway,Rochester and Strood,51.3693309,0.5086763,1634926062,Personal care,Homecare agencies,,,0,www.mentalcapacityconsult.co.uk
1-18446238406,1-17190593369,Ancora Care Limited,Registered,07/02/2024,The Whitewall Centre,Rochester,ME2 4DZ,South East,Medway,Rochester and Strood,51.3997814,0.5095942,1634553381,Personal care,Homecare agencies,,,0,www.ancoracare.co.uk
1-1856969684,1-101673170,Boldglen Limited Medway Swale,Registered,14/01/2015,The Oast,Sittingbourne,ME10 4HE,South East,Kent,Sittingbourne and Sheppey,51.330997,0.732296,1634389555,Personal care,Homecare agencies,Requires improvement,28/04/2023,0,www.boldglen.co.uk
1-18626484263,1-16460373380,A.O.O Care Services Limited,Registered,09/02/2024,"Basepoint, The Joinery Workshop",Chatham,ME4 4TZ,South East,Medway,Rochester and Strood,51.3950364,0.5283774,7958295027,Personal care,Homecare agencies,,,0,
1-18623602318,1-17056667655,PFC Care Ltd,Registered,09/02/2024,Frenchmans Field,Hythe,CT21 5BZ,South East,Kent,Folkestone and Hythe,51.0732239,1.0747181,1303260742,Personal care,Homecare agencies; Supported living,,,0,
1-18638849782,1-17369898293,Pcash Healthcare Limited,Registered,07/02/2024,Unit 1-2,Ashford,TN24 8DF,South East,Kent,Ashford,51.1501259,0.8744864,1233624835,Personal care,Homecare agencies; Supported living,,,0,www.pcashrecruitment.co.uk
1-18692988875,1-17188246653,Care Solutions Kent,Registered,13/02/2024,19 Shoebridge Drive,Maidstone,ME17 3FF,South East,Kent,Faversham and Mid Kent,51.2384697,0.568664,7469188835,Personal care,Homecare agencies,,,0,www.caresolutionskent.co.uk
1-18706949934,1-17069688305,Temal Healthcare Agency Ltd,Registered,13/02/2024,"Unit 11, Evans Business Centre 1-2",Canterbury,CT3 4AL,South East,Kent,Herne Bay and Sandwich,51.3171889,1.1746675,1227953129,Personal care,Homecare agencies,,,0,
1-18829157174,1-18016830808,Rey Healthcare Services Ltd,Registered,01/03/2024,2 Juno Way,Rochester,ME3 8FD,South East,Medway,Rochester and Strood,51.413965,0.5148605,7737305855,Personal care,Homecare agencies,,,0,www.reyhealthcare.co.uk
1-18906143688,1-172521302,Yourlife (Canterbury),Registered,12/03/2024,Eastry Place,Canterbury,CT1 3AT,South East,Kent,Canterbury,51.2740748,1.0896846,1202292480,Personal care,Homecare agencies,,,0,
1-18935235373,1-8843252306,Deenex Intl Limited T/A Greenbanks Heritage,Registered,20/03/2024,"Office 3, Lansdown House",Gravesend,DA11 8QX,South East,Kent,Gravesham,51.4340712,0.3522947,,Personal care,Supported living,,,0,
1-18943646041,1-17429093149,Lakem Care Ltd,Registered,15/03/2024,The Oast,Sittingbourne,ME10 4HE,South East,Kent,Sittingbourne and Sheppey,51.330997,0.732296,2035763834,Personal care,Homecare agencies,,,0,
1-18951167558,1-17595045555,S&R Care Services LTD,Registered,26/03/2024,"Office 8, GPM Business Centre",Ramsgate,CT12 6PB,South East,Kent,East Thanet,51.3492915,1.3872463,1843627073,Personal care,Homecare agencies,,,0,www.sr-consultancy.co.uk
1-18969997467,1-18487934374,Kisumen Care Services Ltd,Registered,22/03/2024,386a High Street,Chatham,ME4 4NP,South East,Medway,Rochester and Strood,51.3789748,0.5336053,7401447180,Personal care,Homecare agencies; Supported living,,,0,www.kisumencareservices.co.uk
1-18986291941,1-6520268016,A Rated Homecare Ltd,Registered,20/03/2024,47 Linton Road,Maidstone,ME15 0AG,South East,Kent,Weald of Kent,51.2382126,0.5178537,1622674127,Personal care,Homecare agencies,Good,30/06/2022,0,www.aratedhomecare.co.uk
1-19033519501,1-15068808797,Win-Ablement Care Service - Main Office,Registered,08/04/2024,"Beta House, Laser Quay",Rochester,ME2 4HU,South East,Medway,Rochester and Strood,51.3926136,0.512968,,Personal care,Homecare agencies,,,0,
1-19060296768,1-13833937575,Eunison Care Ltd Office,Registered,18/04/2024,Admirals Park,Dartford,DA2 6QD,South East,Kent,Dartford,51.455655,0.248784,2038266178,"Personal care; Treatment of disease, disorder or injury",Homecare agencies,,,0,www.eunisoncare.com
1-19060342177,1-17409149842,MEMADAY CARE LIMITED,Registered,19/04/2024,07-Aug,Chatham,ME4 6BB,South East,Medway,Rochester and Strood,51.3825933,0.5181366,7429429892,Personal care,Homecare agencies,,,0,
1-19061785486,1-15828213585,Here-To-Serve HTS Care Ltd,Registered,01/05/2024,The Nook,Chatham,ME5 9JG,South East,Kent,Faversham and Mid Kent,51.3290428,0.5393152,7362200570,Personal care,Homecare agencies,,,0,
1-19068312408,1-17715823766,Triple Hearts Care Ltd,Registered,13/05/2024,Regus,Dartford,DA2 6QD,South East,Kent,Dartford,51.4556549,0.2488126,7852515784,Personal care,Homecare agencies,,,0,www.tripleheartscare.com
1-19196861934,1-16463905841,Tobea Support Ltd,Registered,25/04/2024,The Office,Rochester,ME1 2UT,South East,Medway,Chatham and Aylesford,51.3639956,0.5088922,7379863123,Personal care,Homecare agencies,,,0,
1-1921107882,1-102643044,Avenues South East Services (ASES),Registered,02/02/2015,"Suite A, The Stable Block, Bradbourne House",West Malling,ME19 6DZ,South East,Kent,Maidstone and Malling,51.294917,0.44193,1732448634,Personal care,Homecare agencies; Supported living,Outstanding,19/11/2022,0,www.avenuesgroup.org.uk
1-19209938215,1-17576663890,SoarStar Ltd,Registered,22/04/2024,2 Tolputt Close,Canterbury,CT1 3AE,South East,Kent,Canterbury,51.2670288,1.0606357,7369203695,Personal care,Homecare agencies,,,0,www.soarstar.co.uk
1-19231109879,1-14157746094,H&R Domiciliary Care Limited,Registered,17/06/2024,12 East Street,Sittingbourne,ME10 4RT,South East,Kent,Sittingbourne and Sheppey,51.339043,0.7413181,1795701108,Personal care,Homecare agencies,,,0,
1-19238830265,1-17709620955,Grow Care Agency Limited,Registered,13/05/2024,6 Humble Walk,Swanscombe,DA10 1DR,South East,Kent,Dartford,51.4323767,0.3113534,7412556546,Personal care,Homecare agencies; Supported living,,,0,
1-19244755835,1-16323991032,Timesurg Healthcare Services,Registered,12/05/2024,105 Darnley Road,Gravesend,DA11 0SQ,South East,Kent,Gravesham,51.4376501,0.3631067,,Personal care,Homecare agencies,,,0,
1-19260729386,1-16541270411,Folex Care Limited,Registered,20/05/2024,"Regus The Panorama, Park Street",Kent,TN24 8EZ,South East,Kent,Ashford,51.15054,0.875092,,"Personal care; Treatment of disease, disorder or injury",Homecare agencies; Supported living,,,0,
1-19266089580,1-101677449,LDC Care Co Supported Living - Birch Tree,Registered,08/05/2024,109 Barton Road,Dover,CT16 2LX,South East,Kent,Dover and Deal,51.1348586,1.306108,1303276000,Personal care,Homecare agencies; Supported living,,,0,www.ldccare.co.uk
1-19274092795,1-6192052130,Royal Care Dover,Registered,07/05/2024,Unit 5 Poulton Business Park,Dover,CT17 0HL,South East,Kent,Dover and Deal,51.1301474,1.2859932,7947386375,Personal care,Homecare agencies,Good,15/07/2023,0,www.royalcare24.co.uk
1-19286339766,1-15772567241,Agape Medical Health Care Ltd,Registered,16/05/2024,C4 The Hillhub,Dartford,DA1 2JH,South East,Kent,Dartford,51.4444522,0.2123269,1322473312,Personal care,Homecare agencies; Supported living,,,0,www.agapemedicalcare.co.uk
1-19313641874,1-101677449,LDC Care Co Supported Living - Willow Tree,Registered,08/05/2024,109 Barton Road,Dover,CT16 2LX,South East,Kent,Dover and Deal,51.1348586,1.306108,1303276000,Personal care,Supported living,,,0,www.ldccare.co.uk/
1-19321224706,1-17963295556,Better Families Social Work Services Ltd,Registered,21/05/2024,10 Stone Street,Gravesend,DA11 0NH,South East,Kent,Gravesham,51.4418562,0.3690734,7856912437,Personal care,Homecare agencies; Supported living,,,0,www.bfsws.org
1-19377067427,1-18065455046,Abitol Services Limited,Registered,13/06/2024,32A Admirals Park,Dartford,DA2 6QD,South East,Kent,Dartford,51.4546733,0.2488795,,"Personal care; Treatment of disease, disorder or injury",Homecare agencies; Supported living,,,0,
1-19383615093,1-2058412271,MyLife (Kent),Registered,24/06/2024,"Suite 1b, Orchard House",Canterbury,CT2 8AJ,South East,Kent,Canterbury,51.282255,1.072487,1227937780,Personal care,Homecare agencies,,,0,
1-19425132795,1-18041596091,All Loving Support (Maidstone),Registered,29/05/2024,Flat 2,Maidstone,ME15 9GP,South East,Kent,Faversham and Mid Kent,51.2427664,0.5569971,,Personal care,Homecare agencies,,,0,
1-19505365883,1-17927659104,Providence Lodge - Main Office,Registered,25/06/2024,35 Ellis Field,Maidstone,ME15 8YL,South East,Kent,Faversham and Mid Kent,51.2459655,0.5681556,,Personal care,Supported living,,,0,
1-19565092675,1-19550031458,P2P Care Support,Registered,15/07/2024,21 Darnley Road,Gravesend,DA11 0RZ,South East,Kent,Gravesham,51.4407829,0.3648442,2039542222,Personal care,Homecare agencies; Supported living,,,0,
1-19567687220,1-18190213988,WHOLEBEING CARE LIMITED,Registered,17/07/2024,47 Rochester Crescent,Rochester,ME3 9JH,South East,Medway,Rochester and Strood,51.4273633,0.5558036,7878541617,Personal care,Homecare agencies,,,0,
1-19611741152,1-10242275665,Stellar Care Support Limited,Registered,09/07/2024,Regus House,Dartford,DA2 6QD,South East,Kent,Dartford,51.4556549,0.2488126,,Personal care,Homecare agencies,,,0,
1-19675012615,1-18288624801,SureCare Swale,Registered,29/07/2024,Wises Oast,Sittingbourne,ME9 8LR,South East,Kent,Sittingbourne and Sheppey,51.3387694,0.7058433,,Personal care,Homecare agencies,,,0,
1-19681773967,1-18185373400,Akwaaba Care Services Recruitment,Registered,18/07/2024,Pluto House,Tunbridge Wells,TN1 1DJ,South East,Kent,Tunbridge Wells,51.1301738,0.2615624,7717123736,Personal care,Homecare agencies,,,0,
1-19688616295,1-16442101240,Platinum Quality Ltd,Registered,11/07/2024,61 Castlemaine Avenue,Gillingham,ME7 2QB,South East,Medway,Gillingham and Rainham,51.3891892,0.5662478,7946572764,Personal care,Homecare agencies,,,0,
1-19701254355,1-17194943349,Compassion Health Care Staffing Services Limited,Registered,11/07/2024,"Suite M4, Old Library",Maidstone,ME14 1LH,South East,Kent,Maidstone and Malling,51.2757788,0.5195654,7824775436,Personal care,Homecare agencies; Supported living,,,0,compassionhealthcare.co.uk
1-19800585835,1-4885291488,Scodef Care,Registered,17/07/2024,36 Biggin Street,Dover,CT16 1BU,South East,Kent,Dover and Deal,51.1264073,1.3123082,1304768515,Personal care,Homecare agencies,,,0,
1-1980967407,1-1772846870,Meritum Integrated Care LLP (Ashford),Registered,10/04/2015,Sycamore House,Willesborough,TN24 0NR,South East,Kent,Ashford,51.1436013,0.9065054,1233620071,Personal care,Homecare agencies,Good,30/11/2018,0,www.meritum.org.uk
1-19829027443,1-17576662933,Dios-Protege Health Limited,Registered,05/09/2024,Dios-Protege Health Limited,Sevenoaks,TN13 1YH,South East,Kent,Sevenoaks,51.2711815,0.1902153,7848894074,Personal care,Homecare agencies,,,0,www.sylviancare.co.uk
1-19829538094,1-18580135833,Noblewave Solutions Ltd,Registered,14/08/2024,7 Crete Hall Road,Gravesend,DA11 9GP,South East,Kent,Gravesham,51.4449679,0.3527348,,Personal care,Homecare agencies,,,0,
1-19831874755,1-17026760732,Making a Difference (South East) Ltd,Registered,30/07/2024,Unit 5,Rochester,ME1 3EZ,South East,Kent,Chatham and Aylesford,51.3500331,0.5014174,1634541055,Personal care,Homecare agencies,,,0,
1-19832179228,1-19830337486,Braeburn Care,Registered,13/08/2024,Pluto House,Tunbridge Wells,TN1 1DJ,South East,Kent,Tunbridge Wells,51.1301738,0.2615624,1892577680,Personal care,Homecare agencies,,,0,www.braeburncare.co.uk
1-19832527775,1-6192052130,Royal Care Canterbury,Registered,29/08/2024,Unit 19,Canterbury,CT1 3AA,South East,Kent,Canterbury,51.2700498,1.1065112,3301246605,Personal care,Homecare agencies,,,0,www.royalcare24.co.uk
1-19832405012,1-17590282861,Empowering Support Services Ltd,Registered,14/08/2024,21 Cranford Road,Maidstone,ME16 9FZ,South East,Kent,Maidstone and Malling,51.2806259,0.4854532,,Personal care,Homecare agencies; Supported living,,,0,
1-19879480687,1-4776814132,AZ Caring Services Romney Marsh,Registered,09/08/2024,23 High Street,New Romney,TN28 8BN,South East,Kent,Folkestone and Hythe,50.9852895,0.9389842,,Personal care,Homecare agencies,,,0,www.azcaringservices.co.uk
1-19882630970,1-18274505656,Care Quality Care LTD,Registered,18/09/2024,"Block A, Unit 5, Lakesview International Business Park",Canterbury,CT3 4AL,South East,Kent,Herne Bay and Sandwich,51.3172329,1.1747832,8000025124,Personal care,Homecare agencies; Supported living,,,0,www.carequalitycare.co.uk
1-19880696060,1-15976487595,Myable Care Limited,Registered,13/09/2024,"Regus 26, Kings Hill Avenue",West Malling,ME19 4AE,South East,Kent,Maidstone and Malling,51.276847,0.396749,,Personal care,Homecare agencies; Supported living,,,0,
1-19883402219,1-17188771157,Advanced Flourish Care Limited,Registered,28/08/2024,3 Ashley Road,Gillingham,ME8 6TT,South East,Medway,Gillingham and Rainham,51.3701927,0.5900583,7450853098,Personal care,Homecare agencies; Supported living,,,0,
1-19884306649,1-10489607631,Initjames Limited,Registered,21/08/2024,"Unit 3, 122 High Street",Rochester,ME2 4TR,South East,Medway,Rochester and Strood,51.3960658,0.4926034,2080502184,Personal care,Homecare agencies,,,0,
1-19883404929,1-16969324967,Ezzie-Daisy Care Services Limited,Registered,30/06/2025,34 Brenchley Avenue,Gravesend,DA11 7RQ,South East,Kent,Gravesham,51.416448,0.3668485,7832238516,Personal care,Homecare agencies,,,0,www.ezziedaisy.com
1-19885503608,1-19885517418,SureCare East Surrey & Sevenoaks,Registered,25/09/2024,Amherst House,Sevenoaks,TN13 2BT,South East,Kent,Sevenoaks,51.2846269,0.170391,1732671183,Personal care,Homecare agencies,,,0,www.surecare.co.uk/eastsurrey
1-19885632675,1-18274532023,HNI Solution Care Ltd,Registered,27/08/2024,Old Library,Maidstone,ME14 1LH,South East,Kent,Maidstone and Malling,51.275824,0.519996,7424473746,Personal care,Homecare agencies; Supported living,,,0,www.hnisolutioncare.co.uk
1-19888109120,1-16495075930,Averley Qwara Healthcare Ltd,Registered,05/09/2024,10 Halfway Road,Sheerness,ME12 3AU,South East,Kent,Sittingbourne and Sheppey,51.4226571,0.7770182,1795483997,Personal care,Homecare agencies,,,0,
1-19888835264,1-101669407,London Care - Montgomery Court,Registered,12/09/2024,Choir Close,Rochester,ME3 8FP,South East,Medway,Rochester and Strood,51.410791,0.513735,,Personal care,Supported housing,,,0,
1-19888835501,1-101669407,London Care- Prospect Place,Registered,12/09/2024,Blake Avenue,Gillingham,ME7 1FX,South East,Medway,Gillingham and Rainham,51.396159,0.554855,,Personal care,Supported housing,,,0,
1-19891207032,1-18187122802,Quality Team Healthcare Ltd,Registered,16/09/2024,15 Topaz Drive,Sittingbourne,ME10 5TP,South East,Kent,Sittingbourne and Sheppey,51.3514576,0.7192856,7342966536,Personal care,Homecare agencies,,,0,
1-19891348756,1-5117881566,Ideal Care Services - Kent,Registered,02/10/2024,"Room B, Part First Floor",Tunbridge Wells,TN1 1UL,South East,Kent,Tunbridge Wells,51.1289402,0.2630315,7903817578,"Personal care; Treatment of disease, disorder or injury",Homecare agencies; Supported living,Good,31/08/2022,0,
1-19895134075,1-18733144431,Med-H Care Limited,Registered,02/10/2024,21 Lambert Drive,Maidstone,ME15 8WN,South East,Kent,Faversham and Mid Kent,51.2421197,0.5665419,1622233022,Personal care,Homecare agencies,,,0,
1-19897154265,1-18231251066,OptionOne Services UK LTD,Registered,01/10/2024,"Room 338, Regus House",Dartford,DA2 6QD,South East,Kent,Dartford,51.4556549,0.2488126,79930751456,Personal care,Homecare agencies,,,0,
1-2012106112,1-1953315234,White Cross Care Ltd,Registered,12/05/2015,Fort Horsted Business Centre,Chatham,ME4 6HZ,South East,Medway,Chatham and Aylesford,51.358713,0.513971,1634888625,"Personal care; Treatment of disease, disorder or injury",Homecare agencies; Supported living,Good,06/06/2019,0,www.whitecrosscare.co.uk
1-2013534526,1-101666330,Forge House Care,Registered,06/05/2015,"Victory House, Suite B1",Chatham,ME4 4QU,South East,Medway,Rochester and Strood,51.401352,0.538969,1634671404,Personal care,Supported living,Requires improvement,25/08/2022,0,
1-2013752120,1-301959434,Maidstone Home Care Limited,Registered,20/07/2015,Home Care House,Aylesford,ME20 7BS,South East,Kent,Chatham and Aylesford,51.304273,0.48326,1622719988,Personal care,Homecare agencies,Requires improvement,31/05/2022,0,
1-2031930233,1-1992042697,Brooklands Homecare Ltd - Edenbridge,Registered,16/05/2015,Brooklands Cottage,Edenbridge,TN8 5QR,South East,Kent,Tonbridge,51.1767094,0.0511029,1732865956,Personal care,Homecare agencies,,,0,www.brooklands-homecare.com
1-2036348051,1-101668621,Shared Lives,Registered,18/05/2015,Gun Wharf,Chatham,ME4 4TR,South East,Medway,Rochester and Strood,51.389111,0.523988,1634337100,Personal care,Shared lives,Good,14/02/2019,0,
1-2031930307,1-1992042697,Brooklands Homecare Ltd,Registered,16/05/2015,Marsh Green Road,Edenbridge,TN8 5QR,South East,Kent,Tonbridge,51.1766904,0.0509098,1903244424,Personal care,Homecare agencies,,,0,
1-2038764854,1-1935534033,All About Home Care (Kent),Registered,24/04/2015,"Riverside House, Riverside Business Centre",Tonbridge,TN9 1EP,South East,Kent,Tonbridge,51.1932428,0.2718784,1892575499,Personal care,Homecare agencies,Outstanding,06/03/2020,0,www.allabouthomecare.co.uk
1-20396369094,1-18325968966,Major 1 Healthcare Solutions Ltd,Registered,10/01/2025,HQ Margate 35 Marine Terrace,Margate,CT9 1XJ,South East,Kent,East Thanet,51.3866016,1.3773773,7985349876,Personal care,Homecare agencies,,,0,
1-20399982687,1-19887193320,SureCare Dartford & Gravesend,Registered,18/11/2024,"Storage King, 599-613, Princes Rd",Dartford,DA2 6HH,South East,Kent,Dartford,51.4384195,0.2457788,1322912347,Personal care,Homecare agencies,,,0,www.surecare.co.uk/dardford/
1-2041988093,1-1935709153,Retons Care and Training Services Ltd,Registered,22/10/2015,"Unit 37, The Basepoint",Dartford,DA1 5FS,South East,Kent,Dartford,51.4497576,0.2147565,7476066043,Personal care,Homecare agencies,Good,07/08/2021,0,www.retonscare.co.uk
1-20631213137,1-18775507511,Gracefields Healthcare Ltd,Registered,03/12/2024,4 Spot Lane,Maidstone,ME15 8PR,South East,Kent,Faversham and Mid Kent,51.2674463,0.5685682,7865233787,Personal care,Homecare agencies,,,0,
1-20633836227,1-3932127552,Vibrant Care Home Dover,Registered,16/12/2024,409 - 411 Folkestone Road,Dover,CT17 9JT,South East,Kent,Dover and Deal,51.1193,1.2881314,3301741402,"Personal care; Accommodation for persons who require nursing or personal care; Treatment of disease, disorder or injury",Nursing homes; Homecare agencies,,,20,
1-20633852494,1-3618589560,Angels Care Solutions Limited,Registered,10/12/2024,F3 Admiral Offices,Chatham,ME4 4TZ,South East,Medway,Rochester and Strood,51.3932784,0.5265344,1634558546,Personal care,Homecare agencies,,,0,
1-20708158145,1-18664797672,Osabea Healthcare Solutions Limited,Registered,19/01/2025,Suite FA4D,Maidstone,ME14 1LH,South East,Kent,Maidstone and Malling,51.2758206,0.5199928,1622809496,Personal care,Homecare agencies; Supported living,,,0,
1-207238514,1-131465019,Bluebird Care (Gravesham & Dartford),Registered,16/03/2011,Whitehall Place,Gravesend,DA12 2DL,South East,Kent,Gravesham,51.4434422,0.3751422,1474560160,Personal care,Homecare agencies,Good,26/08/2021,0,www.bluebirdcare.co.uk
1-2093133330,1-483065861,Dickley Court,Registered,09/07/2015,Dickley Lane,Maidstone,ME17 2DD,South East,Kent,Faversham and Mid Kent,51.2428335,0.7017025,1622859216,Personal care; Accommodation for persons who require nursing or personal care,Residential homes; Community services - Learning disabilities; Supported living,,,13,www.symboluk.co.uk
1-2118203914,1-101723187,The Care Company,Registered,09/07/2015,"Unit 18, Pickhill Business Centre",Tenterden,TN30 7LZ,South East,Kent,Weald of Kent,51.0537098,0.6939679,1580762202,Personal care,Homecare agencies,Good,12/10/2017,0,www.carecompany.biz
1-21274478070,1-101726978,Knoll House,Registered,03/01/2025,1 Common Lane,Dartford,DA2 7DE,South East,Kent,Sevenoaks,51.4269228,0.1980865,1322600520,Personal care,Supported living,,,0,
1-2136980291,1-177568286,Austen Allen Homecare - Gravesham,Registered,21/10/2015,176 Old Road West,Gravesend,DA11 0LZ,South East,Kent,Gravesham,51.4355609,0.3574527,1474558790,Personal care,Homecare agencies,,,0,www.aa-homecare.co.uk
1-2142652275,1-143804851,Crossroads Care Kent,Registered,28/07/2015,170 Tonbridge Road,Maidstone,ME18 5NS,South East,Kent,Tonbridge,51.2553078,0.4246655,1622817114,Personal care,Homecare agencies,Good,18/04/2019,0,
1-21477754309,1-8744011213,Integral Focus Support and Care Services (Kent),Registered,06/01/2025,20a,Dartford,DA1 1HD,South East,Kent,Dartford,51.4436005,0.2174091,2031500065,Personal care,Homecare agencies; Supported living,,,0,
1-2153663053,1-2125701982,Ellens Court Care Home,Registered,20/11/2015,Lady Margaret Manor Road,Sittingbourne,ME9 0NT,South East,Kent,Faversham and Mid Kent,51.2633231,0.7581723,1795651061,Personal care; Accommodation for persons who require nursing or personal care,Residential homes; Homecare agencies; Supported living,Good,14/12/2019,9,www.inspirecaregroup.com
1-2161965262,1-2058412271,Lauriem Complete Care Limited - Deal,Registered,03/08/2015,32 Albert Road,Deal,CT14 9FE,South East,Kent,Dover and Deal,51.2235664,1.3972377,1304361222,Personal care,Homecare agencies,,,0,www.lauriem.co.uk
1-2161964872,1-2058412271,Lauriem Complete Care Limited - Ditton,Registered,03/08/2015,Unit 8 Priory Gate,Maidstone,ME14 1PT,South East,Kent,Maidstone and Malling,51.2765351,0.5236622,1622716780,Personal care,Homecare agencies,,,0,www.lauriem.co.uk
1-21696883133,1-101666438,Rockdale Cares,Registered,24/01/2025,"39 Rockdale Gardens, Rockdale Road",Sevenoaks,TN13 1JX,South East,Kent,Sevenoaks,51.2695352,0.1907248,1732458762,Personal care,Homecare agencies,,,0,
1-21723893734,1-20711404120,Havilah Discovery Care,Registered,23/04/2025,8a High Street,Gillingham,ME7 1BB,South East,Medway,Gillingham and Rainham,51.3891927,0.542891,,Personal care,Homecare agencies,,,0,
1-21812246852,1-20411841493,Theotokos Healthcare Services (THS) Ltd,Registered,04/03/2025,29 Kitchener Avenue,Chatham,ME4 5XP,South East,Medway,Chatham and Aylesford,51.3682147,0.5279682,7534407129,Personal care,Homecare agencies,,,0,
1-21880674838,1-20711052661,Tammy J Care Services,Registered,10/03/2025,26 Kings Hill Avenue,West Malling,ME19 4AE,South East,Kent,Maidstone and Malling,51.276847,0.396749,2030051973,Personal care,Homecare agencies,,,0,
1-21880670500,1-20710962727,Resilient Healthcare Limited,Registered,26/03/2025,Basepoint Northfleet,Gravesend,DA11 8HN,South East,Kent,Gravesham,51.4371377,0.3348277,7359381779,"Personal care; Treatment of disease, disorder or injury",Homecare agencies; Supported living,,,0,
1-2194228851,1-101625818,Wurel House,Registered,30/09/2015,135 London Road,Sittingbourne,ME10 1NR,South East,Kent,Sittingbourne and Sheppey,51.342713,0.718817,7879648163,Personal care,Homecare agencies,,,0,www.wurelhouse.co.uk
1-21977385685,1-19177312454,Private Homecare Kent Ltd,Registered,03/03/2025,7 Great Conduit Street,Hythe,CT21 5AQ,South East,Kent,Folkestone and Hythe,51.0716378,1.0836759,,Personal care,Homecare agencies,,,0,
1-21990003448,1-18389808503,Head Office,Registered,05/03/2025,7 Outred Place,Swanscombe,DA10 1DN,South East,Kent,Dartford,51.4326394,0.3056306,,Personal care,Homecare agencies,,,0,
1-22054466305,1-12428396237,Brookhaven Care,Registered,18/02/2025,26 Hawden Close,Tonbridge,TN11 9BP,South East,Kent,Tonbridge,51.2067938,0.2566674,,Personal care,Supported living,,,0,
1-22097601271,1-7722669145,Maplewood Independent Living Limited,Registered,18/03/2025,Regus House,Dartford,DA2 6QD,South East,Kent,Dartford,51.4556549,0.2488126,1322470903,Personal care,Homecare agencies,,,0,
1-22099405819,1-20708899508,Fostering Together Shared Lives Scheme - South East Office,Registered,21/02/2025,"The Old Granary, Penstock Hall",Ashford,TN25 5LL,South East,Kent,Ashford,51.1374732,0.9975802,,Personal care,Shared lives,,,0,www.fosteringtogether.co.uk
1-22110584679,1-101677449,LDC Supported Living – Pine Tree,Registered,25/02/2025,109 Barton Road,Dover,CT16 2LX,South East,Kent,Dover and Deal,51.1348586,1.306108,1303276000,Personal care,Supported living,,,0,
1-22116987765,1-1772846870,Meritum Integrated Care LLP (Maidstone),Registered,24/02/2025,Maidstone Innovation Centre,Maidstone,ME14 5FY,South East,Kent,Faversham and Mid Kent,51.2847761,0.5578205,1622239848,Personal care,Homecare agencies; Supported living,,,0,
1-22155259557,1-20708846357,Visiting Angels Central Kent,Registered,10/03/2025,Unit 3 Gamma House,Rochester,ME2 4HU,South East,Medway,Rochester and Strood,51.3924133,0.5128255,7929134939,Personal care,Homecare agencies,,,0,www.visiting-angels.co.uk
1-22155737997,1-21767513564,Thrive Together Social Care,Registered,11/03/2025,"Office 25 First Floor, Discovery Park Limited,",Sandwich,CT13 9FF,South East,Kent,Herne Bay and Sandwich,51.2877555,1.3443824,1227501007,Personal care,Homecare agencies; Supported living,,,0,
1-22156266811,1-20631623893,5C's Professionals Agency,Registered,18/03/2025,131 Temple Hill,Dartford,DA1 5TU,South East,Kent,Dartford,51.4496465,0.22521,7796238426,Personal care,Homecare agencies,,,0,www.5cs.online
1-22156827039,1-18034206538,Office,Registered,01/05/2025,10 Harmer Street,Gravesend,DA12 2AX,South East,Kent,Gravesham,51.4428696,0.3739078,7947499780,Personal care,Homecare agencies,,,0,
1-22158005151,1-16428718917,Ever Kind Care Ltd,Registered,03/04/2025,1 Sydney Road,Deal,CT14 9JP,South East,Kent,Dover and Deal,51.2064175,1.3854112,7355361882,Personal care,Homecare agencies,,,0,
1-22159286974,1-22155218875,SureCare Maidstone,Registered,08/04/2025,"Vinters Business Park, New Cut Road",Maidstone,ME14 5NZ,South East,Kent,Faversham and Mid Kent,51.2797692,0.5491777,1622925143,Personal care,Homecare agencies,,,0,www.surecare.co.uk/maidstone
1-22160915414,1-21260979586,Reignsons Cottage Ltd,Registered,25/03/2025,10 Regency Place,Canterbury,CT1 1YS,South East,Kent,Canterbury,51.2850891,1.0951669,1227903207,Personal care,Homecare agencies,,,0,www.reignsonscottage.com
1-22162665885,1-101677796,Temperance Supported Living,Registered,01/04/2025,25 Warwick Road,Margate,CT9 2JU,South East,Kent,East Thanet,51.3880093,1.4023951,1843221677,Personal care,Supported living,,,0,
1-22164160797,1-18231757092,Blossom Home Care Tunbridge Wells,Registered,28/04/2025,Suite 14 & 15 Riverside House,Tonbridge,TN9 1EP,South East,Kent,Tonbridge,51.193329,0.2720687,1732783508,Personal care,Homecare agencies,,,0,www.blossomhomecare.co.uk
1-22164377532,1-17429779671,Astro Global Care Ltd,Registered,03/04/2025,"Astro Global Care Ltd,",Chatham,ME4 6BA,South East,Medway,Rochester and Strood,51.3823037,0.5214162,1634949512,Personal care,Homecare agencies,,,0,
1-221658269,1-101721981,Scott Care's Medway Branch,Registered,09/04/2011,"Unit 71, Riverside, 3 Riverside Estate",Rochester,ME2 4DP,South East,Medway,Rochester and Strood,51.390035,0.51954,1634730668,Personal care,Homecare agencies,Requires improvement,14/12/2022,,www.scottcare.co.uk
1-22231393981,1-21231644784,Care Serene Ltd,Registered,08/04/2025,32 Beaver Road,Ashford,TN23 7RP,South East,Kent,Ashford,51.1416497,0.871781,7401292000,Personal care,Homecare agencies,,,0,
1-22324098198,1-26055402595,Prestige Nursing and Care - Dartford,Registered,27/01/2026,"3rd Floor, Banks Place",Dartford,DA1 1EX,South East,Kent,Dartford,51.4438316,0.2189886,1322772472,"Personal care; Treatment of disease, disorder or injury",Homecare agencies,Good,22/01/2020,0,www.prestige-nursing.co.uk/our-locations/dartford
1-224723136,1-177568286,Austen Allen Homecare - Dartford,Registered,15/04/2011,16 Hythe Street,Dartford,DA1 1BX,South East,Kent,Dartford,51.445093,0.2164883,1322424558,Personal care,Homecare agencies,Good,04/05/2019,,www.aa-healthcare.co.uk
1-226611712,1-172992927,"Alzheimer's and Dementia Support Services, Safeharbour Memory Wellbeing Centre",Registered,06/04/2011,Coldharbour Road,Gravesend,DA11 8AE,South East,Kent,Gravesham,51.4314051,0.347628,1474533990,Personal care,Homecare agencies,Good,26/05/2022,,www.alzheimers-dementia.org.uk
1-22729605285,1-20769178493,MEDPLUS Care,Registered,20/05/2025,27 Woodward Terrace,Greenhithe,DA9 9DD,South East,Kent,Dartford,51.4451119,0.2642181,7846578397,Personal care,Homecare agencies,,,0,www.medpluscare.co.uk/
1-22752371753,1-21275256317,A Heart for Care Limited,Registered,11/04/2025,St. Andrews House,Canterbury,CT1 2BJ,South East,Kent,Canterbury,51.2747543,1.0750412,1227204858,Personal care,Homecare agencies,,,0,www.visiting-angels.co.uk
1-22753093675,1-6455105516,Alina Homecare - Tonbridge & Tunbridge Wells,Registered,11/04/2025,Office 8 Pipers Business Centre,Tonbridge,TN9 1SP,South East,Kent,Tonbridge,51.1906467,0.284188,1732600222,Personal care,Homecare agencies,,,0,www.alinahomecare.com
1-2276538651,1-2210935642,Pure Life Homecare,Registered,23/11/2015,"Unit B3, Clover House",Whitstable,CT5 3QZ,South East,Kent,Canterbury,51.3581596,1.0561909,1227207340,Personal care,Homecare agencies,Good,31/08/2022,0,
1-22819132586,1-118166337,Endurance Care – Harrietsham and Medway,Registered,29/04/2025,Suite 25 Kent Space,Chatham,ME5 8UD,South East,Medway,Chatham and Aylesford,51.3295349,0.5422419,1622580210,Personal care,Supported living,,,0,
1-22985089515,1-20632791371,Dream Care Ltd,Registered,04/06/2025,Unit 1-2,Ashford,TN24 8DF,South East,Kent,Ashford,51.1501259,0.8744864,1233515106,Personal care,Homecare agencies,,,0,
1-22999522615,1-21283453958,Care365 Limited,Registered,07/05/2025,40 Old Park Avenue,Canterbury,CT1 1DL,South East,Kent,Canterbury,51.2870091,1.0973902,,Personal care,Homecare agencies,,,0,
1-2306462025,1-101694498,Nurse Plus UK - Dover,Registered,27/02/2016,Beechwood House,Dover,CT16 3PN,South East,Kent,Dover and Deal,51.1522428,1.2905137,1304273300,"Personal care; Treatment of disease, disorder or injury",Homecare agencies,Good,13/09/2018,0,www.nursepluscareathome.com/
1-23103282848,1-18784245290,Sylvian Care Tonbridge & Royal Tunbridge Wells,Registered,07/05/2025,Regus - Pluto House,Tunbridge Wells,TN1 1DJ,South East,Kent,Tunbridge Wells,51.1301738,0.2615624,,Personal care,Homecare agencies,,,0,
1-23111400086,1-18026564077,Primcura Healthcare Ltd,Registered,23/05/2025,Lombard House,Canterbury,CT1 2NF,South East,Kent,Canterbury,51.276002,1.082653,1227935700,Personal care,Homecare agencies,,,0,www.primcurahealthcare.co.uk
1-23115790475,1-18795903716,MA HEALTHCARE SUPPORT LTD OFFICE G07A BRUNEL WAY,Registered,08/05/2025,Office GO7A,Dartford,DA1 5GA,South East,Kent,Dartford,51.4608803,0.2309153,2030893548,Personal care,Homecare agencies,,,0,"www.mahealthcaresupport.com  		"
1-23178914155,1-20650297695,Glorious Care Services Limited,Registered,12/05/2025,17,Chatham,ME4 6BA,South East,Medway,Rochester and Strood,51.3823037,0.5214162,7474413892,Personal care,Homecare agencies,,,0,
1-23210540918,1-18736663955,Location 1,Registered,28/05/2025,88a,Chatham,ME5 8AH,South East,Medway,Chatham and Aylesford,51.3439761,0.5296927,7380980551,Personal care,Homecare agencies,,,0,
1-23293814165,1-18645225388,Genesyscare Healthcare Services Limited,Registered,01/07/2025,5 Acorn Terrace,Sittingbourne,ME9 7AZ,South East,Kent,Sittingbourne and Sheppey,51.3715074,0.6424551,,Personal care,Homecare agencies; Supported living,,,0,
1-23331370653,1-18635841047,INTEGRATED HEALTHCARE PROFESSIONALS LTD,Registered,02/06/2025,"First Floor, Ascend",Chatham,ME4 4HY,South East,Medway,Rochester and Strood,51.3832475,0.5257102,7825513106,Personal care,Homecare agencies,,,0,
1-23408099308,1-18920485559,Refined Care Services,Registered,30/05/2025,60 Mount Pleasant Road,Dartford,DA1 1TH,South East,Kent,Dartford,51.445469,0.2222775,,Personal care,Homecare agencies,,,0,
1-23410241510,1-21270624340,Magnus Healthcare,Registered,11/06/2025,9 Huntersfield Close,Chatham,ME5 8XZ,South East,Medway,Chatham and Aylesford,51.3339796,0.5440158,7537908711,Personal care,Homecare agencies; Supported living,,,0,
1-23489505122,1-18583101496,Dawning Care Ltd,Registered,08/06/2025,3 Tudeley Lane,Tonbridge,TN9 2JN,South East,Kent,Tonbridge,51.184944,0.279627,7846483819,Personal care,Homecare agencies,,,0,
1-23500761535,1-20711477035,Ola Prestige Care Services-Dartford.,Registered,05/06/2025,Regus House,Dartford,DA2 6QD,South East,Kent,Dartford,51.455655,0.248784,,Personal care,Homecare agencies,,,0,
1-2352094536,1-2311495102,Lucketts Farm,Registered,04/01/2016,17 Blean Hill,Canterbury,CT2 9EF,South East,Kent,Canterbury,51.303436,1.044673,1227478564,Personal care,Supported living,,,0,
1-23541024700,1-21803910241,Butler Healthcare Support,Registered,21/07/2025,18 Ely Gardens,Tonbridge,TN10 4NZ,South East,Kent,Tonbridge,51.2054423,0.2827578,,Personal care,Homecare agencies,,,0,
1-236309305,1-220974769,Reflective Care Limited,Registered,06/07/2011,No 6a North Street,New Romney,TN28 8DW,South East,Kent,Folkestone and Hythe,50.98606,0.938965,1797364894,Personal care,Supported living,Good,13/02/2020,,www.ReflectiveCare.org.uk
1-23639104832,1-21065526723,Livingwell Services Ltd,Registered,18/06/2025,"4 Berkeley Mount, Old Road",Chatham,ME4 6BW,South East,Medway,Chatham and Aylesford,51.3798662,0.5232303,7956454448,Personal care,Homecare agencies,,,0,www.livingwellservices.co.uk
1-23665934671,1-18391437665,40 Waterlow Road,Registered,27/06/2025,40 Waterlow Road,Maidstone,ME14 2TP,South East,Kent,Maidstone and Malling,51.2804687,0.5275596,7715271036,Personal care,Homecare agencies,,,0,
1-237449361,1-214646298,Hawkinge House,Registered,29/04/2011,Hurricane Way,Folkestone,CT18 7SS,South East,Kent,Ashford,51.1105458,1.1585726,1303890100,"Personal care; Accommodation for persons who require nursing or personal care; Treatment of disease, disorder or injury",Community services - Healthcare; Nursing homes; Homecare agencies; Supported housing; Supported living,Requires improvement,02/04/2022,55,www.hawkingehouse.co.uk
1-2384458741,1-118163801,Avante Home Care and Support Service,Registered,22/12/2015,De Gelsey House,Faversham,ME13 8GD,South East,Kent,Faversham and Mid Kent,51.311186,0.899007,1795597454,Personal care,Homecare agencies,Good,03/04/2020,0,www.avantecare.org.uk
1-23889884797,1-21705850797,RCB Homecare Limited,Registered,16/07/2025,Priory Mews,Dartford,DA2 6EG,South East,Kent,Dartford,51.4393157,0.2473557,1322935250,Personal care,Homecare agencies,,,0,
1-2389553113,1-1772846870,Meritum Integrated Care LLP (Folkestone),Registered,04/01/2016,"Unit 11, Folkestone Enterprise Centre",Folkestone,CT19 4RH,South East,Kent,Folkestone and Hythe,51.0947286,1.1509553,1303297010,Personal care,Homecare agencies; Supported living,,,0,www.meritum.org.uk
1-24037326040,1-21273486703,S2S Healthcare Ltd,Registered,15/07/2025,26 House Meadow,Ashford,TN23 5HG,South East,Kent,Ashford,51.137202,0.833804,7889665840,Personal care,Homecare agencies,,,0,www.s2shealthcare.co.uk
1-24075251486,1-17195558165,Ashvine Care,Registered,22/07/2025,1 Gipps Avenue,Canterbury,CT1 3ZR,South East,Kent,Canterbury,51.2653188,1.0577689,1227678041,Personal care,Homecare agencies,,,0,
1-24093149541,1-116992858,DCA Kent,Registered,18/08/2025,129 Northdown Road,Margate,CT9 2QY,South East,Kent,East Thanet,51.38838,1.395554,7502536425,Personal care,Homecare agencies; Supported living,,,0,www.achievetogether.co.uk
1-24126018850,1-22037551184,Banner House Support Services,Registered,23/07/2025,"Unit 52, Dartford Business Park",Dartford,DA1 5FS,South East,Kent,Dartford,51.4503084,0.2141643,1322518241,Personal care,Homecare agencies; Supported living,,,0,www.bannerhouse.org
1-24218952740,1-22819132020,Rehoboth Care UK,Registered,12/08/2025,Suite 1 Lansdown House,Gravesend,DA11 8QX,South East,Kent,Gravesham,51.4340712,0.3522947,1474368145,Personal care,Supported living,,,0,www.prosperityhousinggroup.co.uk
1-24208564083,1-21082459645,Namaste Care Services Limited,Registered,04/09/2025,1 Wakehurst Close,Maidstone,ME17 4TB,South East,Kent,Weald of Kent,51.2342699,0.4894304,7888528297,Personal care,Homecare agencies,,,0,
1-24246638195,1-21880650025,Angel + Homecare LTD,Registered,01/08/2025,41 Laxton Way,Sittingbourne,ME10 2QL,South East,Kent,Sittingbourne and Sheppey,51.3514319,0.7253231,,Personal care,Homecare agencies,,,0,
1-24326543902,1-21087650345,Ivy League Care Limited,Registered,13/08/2025,Innovation Centre Medway,Chatham,ME5 9FD,South East,Medway,Chatham and Aylesford,51.34745,0.507395,1622947397,Personal care,Supported living,,,0,www.ivyleaguecare.co.uk
1-2448565329,1-101664805,Cartref Homes Supported Living Scheme,Registered,02/02/2016,85 Bell Road,Sittingbourne,ME10 4EE,South East,Kent,Sittingbourne and Sheppey,51.332506,0.734236,1795471934,Personal care,Homecare agencies; Supported living,Good,22/10/2019,0,www.cartrefhomes.co.uk
1-2476660205,1-1858713764,Expertise Homecare (Central & West Kent) Ltd,Registered,14/03/2016,Wiltshire House,Maidstone,ME15 6RJ,South East,Kent,Maidstone and Malling,51.262806,0.508447,1732448298,Personal care,Homecare agencies,Good,23/01/2020,0,www.centralandwestkent.expertisehomecare.co.uk
1-24777904091,1-16379192190,Amberly Solutions Limited - Medway Branch,Registered,19/01/2026,6-8 Revenge Road,Chatham,ME5 8UD,South East,Medway,Chatham and Aylesford,51.3295349,0.5422419,7552025225,Personal care,Supported living,,,0,
1-247890128,1-101677610,Kent Enablement at Home,Registered,30/06/2011,Swale Local Office,Sittingbourne,ME10 4DD,South East,Kent,Sittingbourne and Sheppey,51.338623,0.733408,3000411480,Personal care,Homecare agencies,Good,30/06/2018,,www.kent.gov.uk
1-247941933,1-101677610,Kent Enablement at Home,Registered,30/06/2011,St Peter's House,Broadstairs,CT10 3JJ,South East,Kent,East Thanet,51.371598,1.416152,3000411480,Personal care,Homecare agencies,Good,30/11/2019,,www.kent.gov.uk
1-247987487,1-101677610,Kent Enablement at Home,Registered,30/06/2011,"Floor 2, Civic Centre",Gravesend,DA12 1AU,South East,Kent,Gravesham,51.4400321,0.3685473,3000411480,Personal care,Homecare agencies,Good,05/01/2018,,www.kent.gov.uk
1-2481243083,1-101693935,Gravesend Care Services,Registered,09/05/2016,Wimborne House,Gravesend,DA12 5FG,South East,Kent,Gravesham,51.423382,0.382861,7442492984,Personal care,Homecare agencies; Supported living,Good,30/06/2017,0,
1-24889584698,1-9369617878,Prima Care,Registered,18/09/2025,"Suite 3, Epps Buildings",Ashford,TN23 1BB,South East,Kent,Ashford,51.1505653,0.8575703,1233234669,Personal care,Homecare agencies,,,0,
1-25045926678,1-101694498,Nurse Plus UK - Ashford,Registered,05/11/2025,Unit 2 Eurogate Business Park,Ashford,TN24 8XU,South East,Kent,Ashford,51.1625208,0.8668477,1233510500,"Personal care; Treatment of disease, disorder or injury",Community services - Nursing; Homecare agencies,,,0,
1-25058665163,1-22907849800,Agape Care,Registered,04/11/2025,24 Broadlands Drive,Chatham,ME5 8HJ,South East,Medway,Chatham and Aylesford,51.3445415,0.5358052,7738229979,Personal care,Homecare agencies; Supported living,,,0,
1-2502510926,1-2253866300,Share the Care Limited Office,Registered,14/03/2016,20 Chetney View,Sittingbourne,ME9 8SU,South East,Kent,Sittingbourne and Sheppey,51.376805,0.7210173,1795660162,Personal care,Homecare agencies,,,0,www.sharethehomecare.co.uk
1-2508908636,1-174576986,Audley Care Ltd - Audley Care Mote House,Registered,10/03/2016,Mote House,Nr Bearsted,ME15 8GA,South East,Kent,Faversham and Mid Kent,51.266494,0.556214,1622633101,Personal care,Homecare agencies,Good,21/12/2019,0,
1-251421733,1-213498192,Xtracare Ltd,Registered,25/05/2011,"Brecon House, Ground Floor",Maidstone,ME14 5DZ,South East,Kent,Maidstone and Malling,51.2747207,0.530675,1622792845,Personal care,Homecare agencies,Good,26/01/2019,,www.xtracareservices.co.uk
1-25270937543,1-23045981718,Regalia Homecare Ltd,Registered,24/10/2025,139 Darland Avenue,Gillingham,ME7 3AH,South East,Medway,Gillingham and Rainham,51.3661898,0.5642693,1634937177,Personal care,Homecare agencies,,,0,
1-25327000964,1-101694498,Nurse Plus UK - Maidstone,Registered,05/11/2025,The Studio,Maidstone,ME14 5PP,South East,Kent,Faversham and Mid Kent,51.2719532,0.5395611,7383997817,"Personal care; Treatment of disease, disorder or injury",Community services - Nursing; Homecare agencies,,,0,
1-2556254741,1-490507355,Bluebird Care (Swale),Registered,05/05/2016,84-86 High Street,Gillingham,ME8 7JH,South East,Medway,Gillingham and Rainham,51.3632602,0.6077631,1795664121,Personal care,Homecare agencies,Good,26/03/2022,0,www.bluebirdcare.co.uk
1-25726598920,1-18679174603,Newington Free Church,Registered,20/11/2025,St. Johns Avenue,Ramsgate,CT12 6JD,South East,Kent,East Thanet,51.3472795,1.3869077,7481419385,Personal care,Homecare agencies,,,0,www.integrity24care.com
1-25824809021,1-20711532771,GM PRIME CARE,Registered,27/11/2025,"Suite G, Quayside House",Chatham,ME4 4QZ,South East,Medway,Rochester and Strood,51.4020395,0.5379431,7813762830,Personal care,Homecare agencies,,,0,
1-25831649381,1-23436162080,Blue Diamond Care Services Ltd,Registered,01/12/2025,6-7 The Parade,Folkestone,CT20 1SL,South East,Kent,Folkestone and Hythe,51.0800048,1.1846396,,Personal care,Supported living,,,0,
1-25832686590,1-102643044,Avenues West Kent,Registered,02/12/2025,6 Holly Lodge,Tonbridge,TN11 9LT,South East,Kent,Tonbridge,51.2285684,0.2405691,1732833879,Personal care,Supported living,,,0,
1-25978550036,1-18231757092,Blossom Home Care Canterbury,Registered,27/01/2026,"Unit Q, 10 Stone Way",Canterbury,CT3 4GP,South East,Kent,Herne Bay and Sandwich,51.314882,1.176466,1227531502,Personal care,Homecare agencies,,,0,
1-26034146902,1-101659014,J.C Michael Groups Ltd Medway,Registered,16/12/2025,"161 High Street,",Rochester,ME2 4TH,South East,Medway,Rochester and Strood,51.3958544,0.4923143,2070523854,Personal care,Homecare agencies,,,0,
1-2608133473,1-101689399,Care Sante Kent,Registered,11/05/2016,King Edward Court,Herne Bay,CT6 6ED,South East,Kent,Herne Bay and Sandwich,51.3671815,1.1436869,1227792249,Personal care,Homecare agencies,,,0,www.caresante.co.uk
1-26179406175,1-25195256994,ProNurture Group Ltd,Registered,06/01/2026,Unit 35 Maidstone Innovation Centre,Maidstone,ME14 5FY,South East,Kent,Faversham and Mid Kent,51.2847761,0.5578205,,Personal care,Homecare agencies,,,0,
1-2624556588,1-2544902855,Continuity of Care Services Limited,Registered,06/05/2016,The Maidstone Studios,Maidstone,ME14 5NZ,South East,Kent,Faversham and Mid Kent,51.27977,0.54915,,"Personal care; Treatment of disease, disorder or injury",Homecare agencies; Supported living,Good,06/12/2023,0,
1-2627941117,1-2442581575,GUTU,Registered,06/06/2016,116 Maidstone Road,Chatham,ME4 6DQ,South East,Medway,Chatham and Aylesford,51.374725,0.521314,8000232188,Personal care,Homecare agencies; Supported living,,,0,www.time4ulimited.co.uk
1-26354332659,1-101677449,LDC Supported Living - Larch Tree,Registered,12/01/2026,"The Bridge, Captains Quarters",Chatham,ME5 7HE,South East,Medway,Gillingham and Rainham,51.3722373,0.5548604,1303276000,Personal care,Supported living,,,0,www.ldccare.co.uk
1-26751167480,1-101721009,Beech Tree Total Care - Ashford Extra Care Schemes,Registered,10/02/2026,Joseph Hadlum Court,Ashford,TN23 1AF,South East,Kent,Ashford,51.1506242,0.8654463,1233321046,Personal care,Homecare agencies,,,0,www.beechtreetotalcare.co.uk
1-2684613958,1-2396641857,Phoenix Support Ltd,Registered,13/06/2016,17 Hart Street,Maidstone,ME16 8RA,South East,Kent,Maidstone and Malling,51.2707606,0.517397,1622682535,Personal care,Homecare agencies,Good,14/07/2017,0,www.phoenixkent.com
1-26872845857,1-101721009,Beech Tree Total Care - Bradstow Court,Registered,19/02/2026,Rumfields Road,Broadstairs,CT10 2FE,South East,Kent,East Thanet,51.3569488,1.4156371,1843523108,Personal care,Homecare agencies; Supported housing,,,0,
1-26872845885,1-101721009,Beech Tree Total Care - Copperfields,Registered,19/02/2026,Copperfields,Ramsgate,CT12 6FG,South East,Kent,East Thanet,51.3431552,1.3951347,1843523107,Personal care,Homecare agencies; Supported housing,,,0,
1-27016767422,1-6198033380,Clarity Homecare (Ashford),Registered,27/02/2026,First Floor Unit 4,Ashford,TN24 8DH,South East,Kent,Ashford,51.1504314,0.8843419,1233535775,Personal care,Homecare agencies,,,0,
1-27043997427,1-136840095,AQT Supported Living,Registered,13/03/2026,Admiral Offices,Chatham,ME4 4TZ,South East,Medway,Rochester and Strood,51.3940911,0.5271343,7593713857,Personal care,Supported living,,,0,
1-27110556717,1-2058412271,Lauriem Beeches (EC),Registered,04/03/2026,Cranleigh Drive,Dover,CT16 3FG,South East,Kent,Dover and Deal,51.1609689,1.2937229,7710096166,Personal care,Homecare agencies,,,0,www.lauriem.co.uk
1-27113263815,1-2058412271,Lauriem Ceaser Court (EC),Registered,04/03/2026,Mongeham Road,Deal,CT14 8JW,South East,Kent,Dover and Deal,51.2012444,1.3576454,7710096168,Personal care,Homecare agencies,,,0,www.lauriem.co.uk
1-27311006539,1-23326808121,Hallmark Care & Support Limited,Registered,19/03/2026,F12,Sittingbourne,ME10 3TB,South East,Kent,Sittingbourne and Sheppey,51.3424494,0.7484105,1795501505,Personal care,Homecare agencies,,,0,homeinstead.co.uk/sittingbourne-sheppey/
1-27376556031,1-2058412271,Lauriem Bellerphon House (EC),Registered,08/04/2026,Bellerophon House,Rochester,ME1 1FG,South East,Medway,Rochester and Strood,51.3848766,0.5123777,7733198469,Personal care,Homecare agencies,,,0,
1-27376556063,1-2058412271,Lauriem Tovil Green (EC),Registered,08/04/2026,Tovil Green Court,Maidstone,ME15 6NE,South East,Kent,Maidstone and Malling,51.2623645,0.5100893,7734378417,Personal care,Homecare agencies,,,0,
1-27376556119,1-2058412271,Lauriem Thomas Place (EC),Registered,08/04/2026,Thomas Place,Maidstone,ME14 1FP,South East,Kent,Maidstone and Malling,51.2804006,0.5173745,7518902487,Personal care,Homecare agencies,,,0,
1-27402694092,1-23299916806,Orange Lifecare Limited,Registered,16/04/2026,42 Lucilla Avenue,Ashford,TN23 3PS,South East,Kent,Ashford,51.1239632,0.8518904,7859906396,Personal care,Homecare agencies,,,0,
1-27417160706,1-25570169239,Morningside Care Services Ltd,Registered,30/03/2026,"First Floor, Pentagon Centre",Chatham,ME4 4HW,South East,Medway,Rochester and Strood,51.3836176,0.5252594,7508680591,Personal care,Homecare agencies,,,0,
1-27762327115,1-23890279531,Bojetcares Services Ltd,Registered,21/04/2026,66 Knights Manor Way,Dartford,DA1 5SP,South East,Kent,Dartford,51.4482814,0.2267443,7492473432,Personal care,Homecare agencies,,,0,
1-27801904194,1-20631020625,East Kent Care Ltd – Herne Bay,Registered,21/05/2026,27 Western Avenue,Herne Bay,CT6 8UE,South East,Kent,Herne Bay and Sandwich,51.3691605,1.1175769,1227678097,Personal care,Homecare agencies,,,0,
1-2788660282,1-2766716094,"Caremark Tunbridge Wells, Tonbridge and Malling",Registered,04/08/2016,"Office 3, Godfreys Yard",Tunbridge Wells,TN2 3DH,South East,Kent,Tunbridge Wells,51.151178,0.277561,1892576377,Personal care,Homecare agencies,,,0,
1-28086354005,1-25664378499,Peninsula Care Ltd,Registered,04/06/2026,City Way Health Clinic,Rochester,ME3 8PX,South East,Medway,Rochester and Strood,51.4277884,0.5481706,1634565582,Personal care,Homecare agencies,,,0,www.peninsulacareltd.co.uk
1-28256974278,1-25516673615,OCWJ Care Group Limited,Registered,04/06/2026,34 High Street,Ramsgate,CT11 9AG,South East,Kent,East Thanet,51.3341863,1.4186383,1843663788,Personal care,Homecare agencies,,,0,
1-2827946068,1-2750133485,Ash Tree Homecare Limited,Registered,14/09/2016,Unit C3,Rochester,ME2 2LS,South East,Medway,Rochester and Strood,51.390438,0.487621,1634716625,Personal care,Homecare agencies,Good,22/11/2019,0,www.ashtreehomecarelimited.co.uk
1-283171851,1-101641035,Westminster Homecare Limited – Greenwich and North Kent,Registered,04/09/2011,"Upper Ground Floor, Suite 3, Enterprise House",Dartford,DA1 2AU,South East,Kent,Dartford,51.4457026,0.2132652,1322280680,Personal care,Homecare agencies; Supported housing,Good,14/01/2021,,www.whc.uk.com
1-28345425432,1-19177312454,Private Homecare Kent LTD (Stelling Minnis),Registered,25/06/2026,"The Nook, Bossingham Road",Canterbury,CT4 6AQ,South East,Kent,Ashford,51.1755784,1.0739719,1303847422,Personal care,Homecare agencies,,,0,privatehomecare.co.uk
1-28399577792,1-26950007985,Palcare Solutions Ltd,Registered,25/06/2026,7 Maidstone Road,Gillingham,ME8 0DH,South East,Medway,Gillingham and Rainham,51.3641754,0.6027682,7418613905,"Personal care; Treatment of disease, disorder or injury",Homecare agencies,,,0,www.pal-care.co.uk
1-28427146155,1-24902362759,Rehoboth Haven Limited,Registered,10/06/2026,99 Academy Drive,Gillingham,ME7 3EG,South East,Medway,Gillingham and Rainham,51.3644417,0.5678551,7883669445,Personal care,Homecare agencies,,,0,www.rehobothaven.com
1-28439618775,1-21254328967,Lakrizz Care Maidstone,Registered,12/06/2026,Kestrel House,Maidstone,ME15 6LU,South East,Kent,Maidstone and Malling,51.270883,0.523898,1622586050,Personal care,Homecare agencies,,,0,
1-28518478901,1-28364101168,The Clarendon Royal Community,Registered,17/06/2026,Royal Pier Road,Gravesend,DA12 2BE,South East,Kent,Gravesham,51.4443593,0.3727339,1634572616,Personal care,Homecare agencies,,,0,
1-28520469061,1-4978683618,Delore Care Kent,Registered,17/06/2026,Innovation Centre Medway,Chatham,ME5 9FD,South East,Medway,Chatham and Aylesford,51.34745,0.507395,7951183429,Personal care,Homecare agencies,,,0,
1-28518478929,1-28364101168,The Old Fire Station,Registered,17/06/2026,The Old Fire Station,Faversham,ME13 7GU,South East,Kent,Faversham and Mid Kent,51.3162292,0.8926109,1795506490,Personal care,Homecare agencies,Good,14/08/2019,0,
1-28589542471,1-24674963668,Anderson M Care Services Ltd,Registered,13/07/2026,17 Parkwood Green,Gillingham,ME8 9PW,South East,Medway,Gillingham and Rainham,51.3485271,0.5952189,1634919037,Personal care,Homecare agencies,,,0,www.andersonmcareservicesltd.co.uk
1-28603229775,1-26073033223,Serene Touch Care Services Ltd,Registered,24/06/2026,Regus House,Dartford,DA2 6QD,South East,Kent,Dartford,51.455655,0.248784,2080900345,Personal care,Homecare agencies,,,0,www.serenetouchcareservices.co.uk
1-28605456185,1-26563182514,Gem Quality Care Ltd,Registered,24/06/2026,"Victory Way, Admirals Park",Dartford,DA2 6QD,South East,Kent,Dartford,51.4546733,0.2488795,7931303849,Personal care,Homecare agencies,,,0,www.gemqualitycare.co.uk
1-28705603947,1-5469824261,Agincare Enable Supported Living (Kent),Registered,27/07/2026,Units 64 A B & C-Room 215 Dockside Outlet Shopping Centre,Chatham,ME4 3ED,South East,Medway,Rochester and Strood,51.4012902,0.5349104,7551554093,Personal care,Supported living,,,0,
1-28815775575,1-27954508874,Teddy Touch Healthcare Limited,Registered,10/07/2026,41 Grosvenor Place,Margate,CT9 1UX,South East,Kent,East Thanet,51.3855863,1.380767,7442865154,Personal care,Homecare agencies,,,0,
1-28867672242,1-17716831834,Homeforts Specialist Care Ltd - Main Office,Registered,15/07/2026,1st Floor Pentagon Shopping Centre,Chatham,ME4 4HW,South East,Medway,Rochester and Strood,51.3840653,0.5258213,2035763134,"Personal care; Treatment of disease, disorder or injury",Homecare agencies,,,0,
1-28957070711,1-27042914797,MCK Support,Registered,23/07/2026,"Office No. 307J, Admirals Park",Dartford,DA2 6QD,South East,Kent,Dartford,51.4556549,0.2488126,1322643291,Personal care,Homecare agencies,,,0,www.mcksupport.co.uk
1-29183726355,1-15126086868,Complex Care – Choice Support,Registered,03/09/2026,Room 002 26 Kings Hill Avenue,West Malling,ME19 4AE,South East,Kent,Maidstone and Malling,51.2768513,0.3967438,1622722400,Personal care,Homecare agencies; Supported living,,,0,
1-29214067132,1-27588342598,Right at Home Maidstone,Registered,26/08/2026,Office 54 Maidstone Innovation Centre,Maidstone,ME14 5FY,South East,Kent,Faversham and Mid Kent,51.2847761,0.5578205,1622400141,Personal care,Homecare agencies,,,0,
1-292775492,1-260252778,Trinity Homecare,Registered,22/08/2011,139/139A High Street,Edenbridge,TN8 5AX,South East,Kent,Tonbridge,51.193759,0.066117,1732866627,Personal care,Homecare agencies,Outstanding,18/07/2019,,www.genuinecare.co.uk
1-2935069286,1-538689716,Absolute Home Care Kent Limited,Registered,20/10/2016,"71-74, Manwaring Buildiing",West Malling,ME19 6BJ,South East,Kent,Maidstone and Malling,51.28786,0.438343,1732897490,Personal care,Homecare agencies,Good,18/09/2019,0,www.absolutehomecarekent.co.uk
1-2937005330,1-101671690,Helping Hands Maidstone,Registered,05/10/2016,2 Royal Star Arcade,Maidstone,ME14 1JL,South East,Kent,Maidstone and Malling,51.2736458,0.5213109,1622236097,"Personal care; Treatment of disease, disorder or injury",Homecare agencies,Good,25/03/2020,0,
1-2981998175,1-2766800018,Ultima Care and Nursing,Registered,24/10/2016,"Suite M, 1 Elwick Road",Ashford,TN23 1PD,South East,Kent,Ashford,51.146574,0.8714,1233801888,Personal care,Homecare agencies,Good,28/02/2019,0,www.staging.ultimacare.co.uk
1-3020182099,1-952233500,Enabling Care for You Limited Head Office,Registered,23/11/2016,The Hoppers,Tonbridge,TN11 0LT,South East,Kent,Tonbridge,51.2252917,0.3503836,1732240794,Personal care,Homecare agencies,Requires improvement,10/06/2023,0,www.ecfy.co.uk
1-3078396649,1-2858227685,SAP Care Services Limited,Registered,18/11/2016,9 Quarry Hill Parade,Tonbridge,TN9 2HR,South East,Kent,Tonbridge,51.1900233,0.2700169,7958558397,Personal care,Homecare agencies; Supported living,Good,05/12/2017,0,www.sapcare.co.uk
1-309769246,1-299922634,"Home Instead Tunbridge Wells, Sevenoaks & Edenbridge",Registered,11/10/2011,1 The Long Barn,Tunbridge Wells,TN2 4RF,South East,Kent,Tunbridge Wells,51.1327895,0.3003553,1892731264,Personal care,Homecare agencies,Outstanding,03/06/2020,0,www.homeinstead.co.uk
1-3099563436,1-481039947,CCK Support Ltd,Registered,16/12/2016,Unit 1,Herne Bay,CT6 7LQ,South East,Kent,Herne Bay and Sandwich,51.331423,1.119136,1227668041,Personal care,Homecare agencies; Supported living,Good,15/01/2020,0,www.ccksupport.co.uk
1-314339940,1-101724051,Blossoms Care Services Ltd DCA,Registered,04/11/2011,15-16 Eaves Court,Sittingbourne,ME10 3RY,South East,Kent,Sittingbourne and Sheppey,51.346812,0.748704,8009177045,Personal care,Homecare agencies,Good,19/10/2018,0,www.blossomssupportedliving.com
1-3248020116,1-1942462125,Jasmine Care South East Limited,Registered,24/01/2017,19 Sayers Lane,Tenterden,TN30 6BW,South East,Kent,Weald of Kent,51.0683504,0.6887274,1580713533,Personal care,Homecare agencies,Good,12/12/2018,0,www.jasminecaresoutheast.com
1-344212703,1-143804851,Crossroads Care Kent,Registered,20/12/2011,16 Reculver Road,Herne Bay,CT6 6LE,South East,Kent,Herne Bay and Sandwich,51.3645841,1.1470943,8450956700,Personal care,Homecare agencies,Good,29/02/2020,0,www.crossroads.org.uk/eastkent
1-345046401,1-131465221,Bluebird Care (Sevenoaks),Registered,06/12/2011,87 St. Johns Hill,Sevenoaks,TN13 3PE,South East,Kent,Sevenoaks,51.2867717,0.1954202,1732471543,Personal care,Homecare agencies,Good,05/12/2019,0,
1-3514569730,1-3209862879,4life Healthcare Services,Registered,28/02/2017,"Unit 1, City Business Park",Canterbury,CT1 1DX,South East,Kent,Canterbury,51.2920295,1.1004232,1227936957,"Personal care; Treatment of disease, disorder or injury",Homecare agencies; Supported living,Good,11/04/2019,0,www.4lifehealthcare.co.uk
1-355646797,1-178020471,Chameleon Care (Dartford),Registered,04/01/2012,"6-8 The Base, Dartford Business Park",Dartford,DA1 5FS,South East,Kent,Dartford,51.4502079,0.2156608,1322291000,"Personal care; Treatment of disease, disorder or injury",Homecare agencies,Good,14/03/2018,0,
1-3635911390,1-3508042374,Aspens Supported Living & Outreach (Kent),Registered,01/10/2017,Cornford Lane,Tunbridge Wells,TN2 4QU,South East,Kent,Tunbridge Wells,51.13691,0.309468,1892882168,Personal care,Homecare agencies; Supported living,Good,27/09/2018,0,www.aspens.org.uk
1-3744606821,1-3588149825,Norwyn Community Services,Registered,08/05/2017,Central House,Sittingbourne,ME10 4NU,South East,Kent,Sittingbourne and Sheppey,51.338283,0.734984,7943666941,Personal care,Homecare agencies; Supported living,Good,25/11/2020,0,
1-3771621802,1-101696759,Your Life Your Home,Registered,12/05/2017,2 Gardners Close,Canterbury,CT3 2AG,South East,Kent,Herne Bay and Sandwich,51.278011,1.286162,1304813128,Personal care,Homecare agencies,,,0,www.yourlifeyourhome.co.uk
1-3839240188,1-3749307364,Bluebird Care (Ashford),Registered,06/06/2017,"Kent Invicta Chamber of Commerce, Ashford Business Point,",Ashford,TN24 0LH,South East,Kent,Ashford,51.124605,0.897464,1233501222,Personal care,Homecare agencies,Good,16/08/2018,0,www.bluebirdcare.co.uk/ashford
1-3882103168,1-3724264250,Home Instead,Registered,02/06/2017,Polhill Business Centre,Sevenoaks,TN14 7AA,South East,Kent,Sevenoaks,51.324319,0.155544,1959546228,Personal care,Homecare agencies,Good,22/08/2018,0,Www.homeinstead.co.uk/shoreham
1-3888199496,1-101721009,Beech Tree Total Care – Ashford,Registered,15/06/2017,Chamberlain Manor,Ashford,TN24 8BF,South East,Kent,Ashford,51.157928,0.862865,1233627857,Personal care,Homecare agencies; Supported housing,Good,07/12/2019,0,www.beechtreetotalcare.co.uk
1-3928813468,1-3601903026,Gravesend,Registered,13/06/2017,27A Darnley Road,Gravesend,DA11 0RZ,South East,Kent,Gravesham,51.4409843,0.3649933,7525497949,Personal care,Homecare agencies; Supported living,Good,15/12/2020,0,
1-3937347863,1-791323082,Hilton Nursing Partners Limited,Registered,03/07/2017,3A Aspect House,Tonbridge,TN12 9QJ,South East,Kent,Weald of Kent,51.1774229,0.4898769,1233321110,"Personal care; Treatment of disease, disorder or injury",Community services - Healthcare; Homecare agencies,Outstanding,10/11/2022,0,
1-3941691925,1-3608866070,LANH,Registered,16/06/2017,The Base,Dartford,DA1 5FS,South East,Kent,Dartford,51.450223,0.214894,3333583664,Personal care,Homecare agencies; Supported living,,,0,www.lanhhealth.co.uk
1-3983930208,1-3831849452,First Class Healthcare Ltd,Registered,11/07/2017,"Unit 16, Kent Space",Chatham,ME5 8UD,South East,Medway,Chatham and Aylesford,51.3295349,0.5422419,7794762832,Personal care,Homecare agencies; Supported living,Requires improvement,30/10/2021,0,
1-4012330014,1-4005610500,Kings Hill,Registered,18/08/2017,86 Kingston Crescent,Chatham,ME5 8XG,South East,Medway,Chatham and Aylesford,51.345175,0.54241,3339399976,Personal care,Homecare agencies,Requires improvement,16/03/2022,0,www.crwconsultancy.com
1-404309682,1-397318814,Liberty Lodge Limited,Registered,26/04/2012,43 Radnor Park Crescent,Folkestone,CT19 5AS,South East,Kent,Folkestone and Hythe,51.0846247,1.1737574,7546240551,Personal care,Homecare agencies; Supported living,Good,07/08/2019,0,
1-4067715105,1-3932127552,Vibrant Home Care,Registered,18/07/2017,"Bizspace Ashford, Office 16,Cobalt Building 1600,Eureka Park",Ashford,TN25 4DF,South East,Kent,Weald of Kent,51.2188734,0.8688274,3301741402,Personal care,Homecare agencies,Requires improvement,12/10/2023,0,www.f-hr.co.uk
1-4093592054,1-101645959,Swanton Community Services – Kent,Registered,12/09/2017,"First Floor, 6 Kings Row",Maidstone,ME15 6AQ,South East,Kent,Maidstone and Malling,51.2607458,0.5266706,1622522120,Personal care,Homecare agencies; Supported living,Good,18/12/2020,0,www.alinahomecare.com
1-4123602039,1-3917908038,Home Instead Senior Care,Registered,06/08/2017,300 Cheriton Road,Folkestone,CT19 4DP,South East,Kent,Folkestone and Hythe,51.086698,1.151094,1303847899,Personal care,Homecare agencies,Good,27/09/2018,0,www.homeinstead.co.uk/folkestone-ashford
1-419484985,1-391446222,Woodchurch House,Registered,08/05/2012,Brook Street,Ashford,TN26 3SN,South East,Kent,Weald of Kent,51.0713106,0.7767711,1233861600,"Personal care; Accommodation for persons who require nursing or personal care; Treatment of disease, disorder or injury",Nursing homes; Residential homes; Homecare agencies; Supported housing; Supported living,Good,30/06/2023,85,www.hartfordcare.co.uk
1-4307224457,1-4199450580,The Base Business Park,Registered,10/11/2017,The Base,Dartford,DA1 5FS,South East,Kent,Dartford,51.450223,0.214894,2083013146,Personal care,Homecare agencies,,,0,www.ophrahoak.co.uk
1-4324202231,1-935542850,Homecare Unique Limited,Registered,24/10/2017,41 Stockett Lane,Maidstone,ME17 4PT,South East,Kent,Weald of Kent,51.235334,0.495648,1622963587,Personal care,Homecare agencies,Good,07/12/2018,0,
1-433554121,1-426578877,Kent Carers Limited - Head Office,Registered,13/06/2012,Unit 1,Dartford,DA2 7SL,South East,Kent,Sevenoaks,51.4223447,0.2123079,1322277944,Personal care,Homecare agencies,Good,19/06/2019,0,www.kentcarers.co.uk
1-4339536848,1-101642943,Cera- Kent,Registered,17/10/2017,Saphir House,Faversham,ME13 8GD,South East,Kent,Faversham and Mid Kent,51.3112519,0.8984661,1622822887,"Personal care; Treatment of disease, disorder or injury",Homecare agencies,Good,24/11/2020,0,www.ceracare.co.uk
1-437637829,1-101686022,Athlone Care,Registered,27/06/2012,25 East Hill,Dartford,DA1 1RX,South East,Kent,Dartford,51.443696,0.2224254,1322274747,Personal care,Homecare agencies,Requires improvement,28/10/2021,0,www.athlonecare.com
1-439572661,1-429481782,Everycare West Kent,Registered,09/07/2012,86 London Road,Tunbridge Wells,TN4 0PP,South East,Kent,Tunbridge Wells,51.1563358,0.2596952,1892536888,Personal care,Homecare agencies,,,0,www.everycare.co.uk
1-443461067,1-399082832,Aiding Independence,Registered,10/07/2012,18 High Street,Herne Bay,CT6 5LH,South East,Kent,Herne Bay and Sandwich,51.3710244,1.12233,1227741006,Personal care,Supported living,,,0,
1-443629388,1-432758289,Inchwater Home Care,Registered,18/07/2012,"Suite 2, The Powder House",Dover,CT16 2HQ,South East,Kent,Dover and Deal,51.1509761,1.2900194,1304241684,Personal care,Homecare agencies,Outstanding,10/09/2019,0,inchwater.co.uk
1-4488640886,1-4445093304,Hawkhurst House,Registered,17/12/2017,Cranbrook Road,Cranbrook,TN18 5EF,South East,Kent,Tunbridge Wells,51.0577697,0.5064797,1580239170,"Personal care; Accommodation for persons who require nursing or personal care; Treatment of disease, disorder or injury",Nursing homes; Supported living,,,54,www.hawkhursthouse.com
1-4499802327,1-4406654227,Betterliving Care Limited,Registered,16/02/2018,17 Raphael Road,Gravesend,DA12 2PN,South East,Kent,Gravesham,51.4397289,0.3850697,7480316307,Personal care,Homecare agencies,,,0,
1-4514455627,1-4462211970,Community Careline,Registered,20/12/2017,First Floor Offices,Gillingham,ME8 7JH,South East,Medway,Gillingham and Rainham,51.3633763,0.6072236,1634853187,Personal care,Homecare agencies,Requires improvement,28/07/2021,0,www.communitycareline.co.uk
1-451908758,1-101614760,The Oaks and Willows,Registered,21/08/2012,Shipbourne Road,Tonbridge,TN10 3RR,South East,Kent,Tonbridge,51.2208,0.2876,1732359113,Personal care,Supported living,Good,07/01/2020,0,
1-456359874,1-265280195,Allerton C&S SE,Registered,21/08/2012,Pipers Business Centre,Tonbridge,TN9 1SP,South East,Kent,Tonbridge,51.190716,0.282045,1732783503,Personal care,Homecare agencies; Supported living,Good,06/08/2021,0,
1-4647280740,1-4504093816,SilverBirch Healthcare Ltd,Registered,22/12/2017,17 Highfield Road,Dartford,DA1 2JS,South East,Kent,Dartford,51.4438892,0.2122402,1689414689,Personal care,Homecare agencies,Good,06/11/2018,0,www.silverbirchhealthcare.co.uk
1-4696954830,1-4461100857,Expertise Homecare Ashford and Canterbury,Registered,08/01/2018,"Chilham Surgery, Branch Road",Canterbury,CT4 8DR,South East,Kent,Weald of Kent,51.2436004,0.9671487,1233229001,Personal care,Homecare agencies,Good,14/04/2023,0,www.expertisehomecare.co.uk
1-4696418121,1-3832975328,Welcome Support,Registered,04/01/2018,Pantiles Chambers,Tunbridge Wells,TN1 1XP,South East,Kent,Tunbridge Wells,51.127219,0.260062,1892322717,Personal care,Homecare agencies; Supported living,Good,17/01/2023,0,www.welcomesupport.uk
1-472474709,1-470231280,Caremark (Thanet),Registered,08/11/2012,"Unit A5, (Kent Telephones Building)",Margate,CT9 4JG,South East,Kent,East Thanet,51.3688682,1.3878118,1843235910,Personal care,Homecare agencies,Good,28/11/2019,0,www.caremark.co.uk
1-4776781915,1-4573404418,Intrinsic Care,Registered,01/02/2018,6 Chestnut Avenue,Chatham,ME5 9AJ,South East,Medway,Chatham and Aylesford,51.3445237,0.5248131,1634931226,Personal care,Homecare agencies,,,0,www.theintrinsiccaregroup.com
1-4802346052,1-4776814132,AZ Caring Services Ltd,Registered,20/03/2018,Aspect House,Ashford,TN24 9HT,South East,Kent,Ashford,51.1709646,0.8864456,1233227841,Personal care,Homecare agencies; Supported living,Good,29/09/2020,0,
1-4859046539,1-4775809020,Great Prospects Care Ltd,Registered,17/03/2018,198 Wincheap,Canterbury,CT1 3RY,South East,Kent,Canterbury,51.2719562,1.0679592,1227788847,Personal care,Homecare agencies; Supported living,,,0,www.greatprospectscare.co.uk
1-4859047139,1-102642692,One Step South Domiciliary Care Agency,Registered,06/04/2018,1-14 Martello Industrial Estate,Folkestone,CT19 6DR,South East,Kent,Folkestone and Hythe,51.087778,1.191998,1303255337,Personal care,Homecare agencies; Supported living,,,0,www.caretech-uk.com
1-489513807,1-101645396,L'Arche Kent,Registered,16/11/2012,18a St Radigunds Street,Canterbury,CT1 2AA,South East,Kent,Canterbury,51.2826292,1.0815145,1227643025,Personal care,Homecare agencies; Supported living,Good,18/05/2023,0,www.larche.org.uk
1-4909471939,1-172521302,Your Life (Tunbridge Wells),Registered,09/04/2018,The Dairy,Tunbridge Wells,TN4 9FJ,South East,Kent,Tunbridge Wells,51.142397,0.259629,1892529779,Personal care,Homecare agencies,Good,09/05/2019,0,www.yourlife.co.uk
1-4994388558,1-101615255,Chanel House,Registered,07/05/2018,Channel House,Folkestone,CT20 2TG,South East,Kent,Folkestone and Hythe,51.0782764,1.1706237,1303252787,Personal care,Supported living,Outstanding,16/10/2019,0,www.proactivedevelopment.co.uk
1-5006054161,1-4799293453,"Caremark (Dartford, Gravesham & Medway)",Registered,22/03/2018,Unit 69 Riverside Estate,Rochester,ME2 4BH,South East,Medway,Rochester and Strood,51.3903319,0.518352,1474320411,Personal care,Homecare agencies,Good,27/03/2019,0,www.caremark.co.uk/locations/dartford-and-gravesham
1-5152138470,1-4970402955,Safe Choice Care,Registered,07/05/2018,70 York Road,Deal,CT14 7EE,South East,Kent,Dover and Deal,51.2159,1.4022493,1304363758,Personal care,Homecare agencies; Supported living,Requires improvement,14/09/2022,0,www.safechoicecare.co.uk
1-5212701655,1-101693935,26a Sussex Avenue,Registered,08/06/2018,26a Sussex Avenue,Canterbury,CT1 1RT,South East,Kent,Canterbury,51.274394,1.10265,1227785270,Personal care,Supported living,Good,01/06/2019,10,
1-5241373424,1-4971027250,My Homecare West Kent,Registered,18/05/2018,6 Alexandra Road,Tonbridge,TN9 2AA,South East,Kent,Tonbridge,51.1903023,0.2709323,1732756020,Personal care,Homecare agencies,Good,22/05/2019,0,
1-522468574,1-102642564,Turning Point - Kent DCA,Registered,10/12/2012,"Room IS7, Kent Innovation Centre",Broadstairs,CT10 2QQ,South East,Kent,East Thanet,51.358932,1.406302,7891545717,Personal care,Homecare agencies,Good,05/09/2019,0,
1-529337022,1-506248412,Home Instead Senior Care (Maidstone),Registered,07/12/2012,Heritage House,Maidstone,ME18 6AL,South East,Kent,Weald of Kent,51.2368508,0.444965,1622873414,Personal care,Homecare agencies,Outstanding,10/09/2019,0,www.homeinstead.co.uk/maidstone
1-5286543549,1-5262236874,Main office,Registered,18/07/2018,153 High Street,Rochester,ME1 1EL,South East,Medway,Rochester and Strood,51.3864625,0.5069902,1634471300,Personal care,Homecare agencies,Good,07/05/2021,0,www.helpathome-medway.co.uk
1-5337244122,1-5152684627,Papillon Home Care,Registered,17/06/2018,Lemanis House,Hythe,CT21 4JN,South East,Kent,Folkestone and Hythe,51.0849314,1.0356683,1303255785,Personal care,Homecare agencies,Good,05/07/2019,0,www.papillonhomecare.com
1-5323894544,1-4753953874,Seeds Care Limited,Registered,20/06/2018,The Kent Innovation Centre,Broadstairs,CT10 2QQ,South East,Kent,East Thanet,51.3589652,1.4063497,1843263411,Personal care,Homecare agencies; Supported living,,,0,
1-5343520067,1-5310851288,Callquest For Care,Registered,03/10/2018,99 Millfield Road,Sevenoaks,TN15 6BX,South East,Kent,Sevenoaks,51.3505056,0.2511843,8002118500,Personal care,Homecare agencies,,,0,www.callquestforcare.co.uk
1-5514374503,1-5204157850,Folkestone Home Care,Registered,20/09/2018,"Unit 11, The Glenmore Centre",Folkestone,CT19 4RJ,South East,Kent,Folkestone and Hythe,51.0924318,1.149598,1303394100,Personal care,Homecare agencies,Good,07/11/2019,0,www.folkestonehomecare.co.uk
1-5522447704,1-5315054412,Clarity Homecare Ashford,Registered,15/08/2018,"Bizspace, The Cobalt Building",Ashford,TN25 4BF,South East,Kent,Ashford,51.1705152,0.867386,1233510107,Personal care,Homecare agencies; Supported living,Good,10/11/2022,0,
1-5559102802,1-4806662779,Fam Daily Care Ltd,Registered,01/08/2018,Regus House 340,Dartford,DA2 6QD,South East,Kent,Dartford,51.4556549,0.2488126,,Personal care,Homecare agencies; Supported living,,,0,
1-556140145,1-101722983,Star Care Lodge,Registered,16/01/2013,15-17 Park Avenue,Gillingham,ME7 4AS,South East,Medway,Gillingham and Rainham,51.3767361,0.5563021,1634575521,Personal care; Accommodation for persons who require nursing or personal care,Residential homes; Supported living,Good,01/04/2020,13,
1-5612614740,1-5353532850,Ashford Personnel and Solutions Limited,Registered,29/08/2018,First Floor (Left),Ashford,TN23 7TS,South East,Kent,Ashford,51.1382692,0.8711723,1233877400,Personal care,Homecare agencies; Supported living,Good,01/12/2021,0,www.ashfordpersonnelandsolutions.com
1-5617750075,1-5488264526,Haven247 Healthcare Limited,Registered,28/09/2018,Unit 37 City Arms House,Dartford,DA2 6BH,South East,Kent,Dartford,51.4437883,0.2468004,7810597041,"Personal care; Treatment of disease, disorder or injury",Homecare agencies,Good,30/07/2021,0,www.haven247healthcare.com
1-5678985497,1-139035676,Kent SCP (Bowles Lodge),Registered,29/08/2018,Bowles Lodge,Cranbrook,TN18 4HT,South East,Kent,Tunbridge Wells,51.046133,0.514341,1580755819,Personal care,Homecare agencies; Supported housing,Good,12/10/2019,0,www.kentscp.com
1-5684305301,1-101671690,Helping Hands Dartford,Registered,30/08/2018,7 Copperfields,Dartford,DA1 2DE,South East,Kent,Dartford,51.445181,0.2161184,1322921343,"Personal care; Treatment of disease, disorder or injury",Homecare agencies,Good,07/09/2019,0,www.helpinghands.co.uk
1-569529381,1-101641620,Age UK Maidstone,Registered,01/02/2013,7 Mill Street,Maidstone,ME15 6XW,South East,Kent,Maidstone and Malling,51.2725467,0.5209784,1622753618,Personal care,Homecare agencies,Good,06/09/2017,0,www.ageuk.org.uk/maidstone
1-5740972948,1-5056410146,Connect and Care,Registered,14/09/2018,6-8 Lordswood Industrial Estate,Chatham,ME5 8UD,South East,Medway,Chatham and Aylesford,51.3295349,0.5422419,7305958649,Personal care,Homecare agencies,Good,18/09/2019,0,
1-5763433659,1-5608664448,Right at Home Medway,Registered,17/10/2018,145 Watling Street,Gillingham,ME7 2YY,South East,Medway,Gillingham and Rainham,51.3720821,0.5602675,1634979000,Personal care,Homecare agencies,Good,20/11/2019,0,www.rightathome.com
1-5792128316,1-5769529014,Baines Care Ltd,Registered,16/11/2018,8 Jenkins Dale,Chatham,ME4 5RB,South East,Medway,Chatham and Aylesford,51.3771465,0.5262329,1634846246,Personal care,Homecare agencies,Good,15/05/2021,0,
1-5858692341,1-101615228,The Annexe,Registered,16/10/2018,62 Madeira Road,Margate,CT9 2QQ,South East,Kent,East Thanet,51.3870429,1.3957105,1843227173,Personal care,Supported living,Good,14/11/2019,0,www.manor-care-homes-ltd.uk
1-5985450298,1-5469824261,Agincare Enable Supported Living (Medway),Registered,06/12/2018,Pattens Lane,Rochester,ME1 2QT,South East,Medway,Chatham and Aylesford,51.370042,0.513241,1634846543,Personal care,Homecare agencies; Supported living,Good,10/01/2020,0,www.agincare.com
1-5995861494,1-5964436917,Vitality Home Health Gravesham & Dartford,Registered,16/11/2018,50 The Grove,Gravesend,DA12 1DP,South East,Kent,Gravesham,51.4412366,0.3725813,1474240909,"Personal care; Treatment of disease, disorder or injury",Homecare agencies,Good,22/11/2019,0,www.vitalityhomehealth.co.uk
1-597741634,1-586793554,Telegraph House,Registered,19/03/2013,97 Telegraph Road,Deal,CT14 9DF,South East,Kent,Dover and Deal,51.211071,1.392337,1304369031,Personal care,Supported living,Good,08/05/2019,0,
1-6003858710,1-101666232,Community Support Services,Registered,29/11/2018,Highland Farm,Ashford,TN26 3RJ,South East,Kent,Weald of Kent,51.0759003,0.7950401,1233861516,Personal care,Homecare agencies,Requires improvement,19/04/2023,0,www.c-o-t.org.uk
1-6018199673,1-101682980,Superior Healthcare,Registered,22/11/2018,"Gazette House, 5-8 Estuary View Business Park",Whitstable,CT5 3SE,South East,Kent,Canterbury,51.3406101,1.0119631,1227771133,"Personal care; Treatment of disease, disorder or injury",Homecare agencies,Good,01/08/2023,0,www.superiorhealthcare.co.uk/
1-608368256,1-101721009,"Care at Home Services (South East) Limited – Canterbury, Herne Bay and Whitstable",Registered,09/03/2013,Kent Enterprise House,Herne Bay,CT6 7GQ,South East,Kent,Herne Bay and Sandwich,51.358725,1.131593,1277375706,Personal care,Homecare agencies,Requires improvement,24/06/2023,0,www.careathomeservices.co.uk
1-6088137470,1-5732820540,MRJ Care Ltd t/a MAUCARE Services,Registered,27/11/2018,56 Arthur Street,Gravesend,DA11 0PR,South East,Kent,Gravesham,51.4385103,0.3664109,1322466578,Personal care,Homecare agencies; Supported living,Good,03/12/2019,0,www.maucare.co.uk
1-6161327605,1-101669407,London Care (Rogallo Place),Registered,13/12/2018,Rogallo Place,Chatham,ME4 6FE,South East,Medway,Chatham and Aylesford,51.3552965,0.5094763,1634846528,Personal care,Homecare agencies,Requires improvement,19/12/2019,0,www.londoncare.co.uk
1-6274970784,1-101671690,Helping Hands Tunbridge Wells,Registered,10/01/2019,42 Monson Road,Tunbridge Wells,TN1 1LU,South East,Kent,Tunbridge Wells,51.133528,0.2644407,1892335234,"Personal care; Treatment of disease, disorder or injury",Homecare agencies,Good,23/01/2020,0,www.helpinghands.co.uk
1-6291632382,1-101671690,Helping Hands Ramsgate,Registered,25/02/2019,7 York Street,Ramsgate,CT11 9DS,South East,Kent,East Thanet,51.3328635,1.4186547,1843267207,"Personal care; Treatment of disease, disorder or injury",Homecare agencies,Good,26/02/2020,0,www.helpinghands.co.uk
1-629801401,1-101675406,New Horizons Broad Oak Limited,Registered,04/03/2013,Unit 3,Margate,CT9 4NN,South East,Kent,East Thanet,51.3642628,1.3903023,1843295680,Personal care,Homecare agencies,Good,15/10/2021,0,
1-6467591827,1-101671451,Care in Kent Limited,Registered,18/03/2019,"Unit 7, Evegate Business Park",Ashford,TN25 6SX,South East,Kent,Ashford,51.1133977,0.9542388,1233619530,Personal care,Homecare agencies; Supported living,Good,01/04/2020,0,www.careinkent.co.uk
1-6473140556,1-6399010850,MyLife (Kent),Registered,16/04/2019,Suite 1b,Canterbury,CT2 8AJ,South East,Kent,Canterbury,51.2822592,1.0725165,1227937780,Personal care,Homecare agencies,Good,30/06/2022,0,www.mylifehomecare.co.uk/locations/kent/
1-654944414,1-601118378,McNeil Homecare Limited,Registered,02/04/2013,"Cliffe House, Office J",Rochester,ME2 4DY,South East,Medway,Rochester and Strood,51.3973524,0.5164053,7505331676,Personal care,Homecare agencies; Supported living,Good,24/02/2018,0,www.mcneilhomecareltd.co.uk
1-6705512328,1-101669407,London Care (Atlas Place),Registered,11/04/2019,Atlas Place,Chatham,ME4 3AN,South East,Medway,Rochester and Strood,51.4070372,0.5362314,1634891877,Personal care,Homecare agencies,Requires improvement,02/12/2021,0,www.londoncare.co.uk
1-6725678743,1-6101300208,Everlasting Arms3327 Care Pvt Ltd,Registered,17/04/2019,Regus House,Dartford,DA2 6QD,South East,Kent,Dartford,51.455655,0.248784,1322322033,Personal care,Homecare agencies,Good,24/07/2021,0,www.everlastingarms3327.co.uk
1-6782068172,1-6515238824,Head Office,Registered,25/04/2019,16 Quincewood Gardens,Tonbridge,TN10 3LR,South East,Kent,Tonbridge,51.2196685,0.2754559,7725179645,Personal care,Homecare agencies,Good,05/01/2022,0,
1-6809927959,1-6376512337,Krystal Solutions Limited,Registered,30/04/2019,37 Coldharbour Lane,Sittingbourne,ME10 2RT,South East,Kent,Sittingbourne and Sheppey,51.3634579,0.7395572,7886545877,Personal care,Homecare agencies; Supported living,Requires improvement,26/04/2022,0,www.krystalsolutionsltd.co.uk
1-6852915315,1-5563356170,Gingerbread Office,Registered,28/06/2019,27a,Gravesend,DA11 9HU,South East,Kent,Gravesham,51.4430054,0.3319178,1474536501,Personal care,Supported living,Good,27/10/2021,0,www.kasbah.org.uk
1-685628104,1-663880974,No Place Like Home,Registered,01/06/2013,Syndale Park,Faversham,ME13 0RH,South East,Kent,Faversham and Mid Kent,51.312225,0.860066,1795597983,Personal care,Homecare agencies,Outstanding,05/04/2019,0,www.nplh.uk
1-693225980,1-102643104,HF Trust Hythe,Registered,30/04/2013,"Main Office,  Lympne Place",Hythe,CT21 4PA,South East,Kent,Folkestone and Hythe,51.074535,1.013638,1303260453,Personal care,Homecare agencies; Supported living,,,0,www.hft.org.uk/
1-7024077970,1-5928389591,St. Helens House,Registered,14/06/2019,21 St. Helens Road,Sheerness,ME12 2QY,South East,Kent,Sittingbourne and Sheppey,51.4357007,0.7689804,7882710854,Personal care; Accommodation for persons who require nursing or personal care,Residential homes; Homecare agencies; Supported living,Requires improvement,24/11/2022,4,www.otassupportedliving.com
1-7040195056,1-6586327050,Prepare4care Ltd,Registered,21/06/2019,119A High Street,Margate,CT9 1JT,South East,Kent,East Thanet,51.3861363,1.3816557,1843210257,Personal care,Homecare agencies,Good,17/11/2021,0,www.prepare4care.org
1-7060366080,1-6818958845,Bethal Manna Care Ltd,Registered,19/09/2019,7 Dartford Business Park,Dartford,DA1 5FS,South East,Kent,Dartford,51.4502786,0.2147113,7790581289,Personal care,Homecare agencies; Supported living,Good,21/12/2021,0,
1-7053043330,1-6805199083,Domiciliary Care Experts,Registered,20/06/2019,34 Canterbury Street,Gillingham,ME7 5TX,South East,Medway,Gillingham and Rainham,51.386774,0.5446396,1634581133,"Personal care; Treatment of disease, disorder or injury",Homecare agencies,,,0,
1-7090612357,1-101671690,Helping Hands Folkestone,Registered,17/07/2019,"Unit 8, Town Walk",Folkestone,CT20 1DW,South East,Kent,Folkestone and Hythe,51.0791935,1.1790191,1303765223,"Personal care; Treatment of disease, disorder or injury",Homecare agencies,Good,27/10/2021,0,www.helpinghands.co.uk
1-7193015011,1-6725655981,Expertise Homecare (South East Coast),Registered,16/07/2019,The Workshop 32-40,Folkestone,CT20 1JU,South East,Kent,Folkestone and Hythe,51.0810865,1.1840941,1303847442,Personal care,Homecare agencies,Requires improvement,26/11/2021,0,www.expertisehomecare.co.uk
1-7162474256,1-6709911640,Caremark Maidstone,Registered,11/07/2019,22 County Road,Maidstone,ME14 1XJ,South East,Kent,Maidstone and Malling,51.2785984,0.5260267,1622298345,Personal care,Homecare agencies,Good,26/08/2021,0,www.caremark.co.uk/locations/maidstone/contact-us
1-728298431,1-102643131,"Affinity Trust - Domiciliary Care Agency South East, Bedford and Northamptonshire",Registered,22/05/2013,Suite 2 & 3 Henwood Pavilion,Ashford,TN24 8DH,South East,Kent,Ashford,51.1487245,0.8823119,1233665324,Personal care,Homecare agencies,Good,25/01/2020,0,www.affinitytrust.org
1-7418955747,1-6785974869,"HCL (Holistic Care) Ltd, Registered Office",Registered,28/08/2019,"209, HQ Chatham Maritime Dockside, Unit 64 A B & C, Dockside Outlet Centre",Chatham,ME4 3ED,South East,Medway,Rochester and Strood,51.4009154,0.5341709,7939461684,Personal care,Homecare agencies; Supported living,,,0,www.hclservices.co.uk/
1-7445742052,1-101657904,Unity Care Solutions (Maidstone),Registered,03/09/2019,Unit 10,Maidstone,ME16 0LL,South East,Kent,Maidstone and Malling,51.2913614,0.5037914,3333661020,"Personal care; Treatment of disease, disorder or injury",Homecare agencies,Good,22/09/2022,0,www.unitycaresolutions.co.uk
1-7452436596,1-6977737665,Futures for Shared Lives,Registered,04/09/2019,The Masters House,Maidstone,ME15 6YQ,South East,Kent,Maidstone and Malling,51.2700589,0.5217842,1622760600,Personal care,Community services - Mental Health; Shared lives,,,0,
1-7688730540,1-7278062117,Caremark (Dover),Registered,15/10/2019,"Betteshangar Sustainable Parks, Unit 7, Almond House",Deal,CT14 0EN,South East,Kent,Dover and Deal,51.2292869,1.3458512,1304892448,Personal care,Homecare agencies,Good,15/07/2021,0,www.caremark.co.uk/dover
1-7701653348,1-101655644,Avondalecare (Kent) Limited,Registered,18/10/2019,Station House,Westgate-on-sea,CT8 8QY,South East,Kent,Herne Bay and Sandwich,51.3813893,1.3386286,1843606511,Personal care,Homecare agencies; Supported living,Good,29/06/2023,0,www.avondalecare.co.uk
1-7760872086,1-101693325,Kent PBS Service,Registered,13/12/2019,Kestrel & Knightrider House,Maidstone,ME15 6LU,South East,Kent,Maidstone and Malling,51.2705902,0.5240351,,Personal care,Community services - Healthcare; Homecare agencies; Community services - Learning disabilities; Community services - Mental Health; Supported living; Community services - Substance abuse,,,0,www.homegroup.org.uk
1-7826432041,1-7227579216,Azure Care,Registered,08/11/2019,The Joinery Workshop,Chatham,ME4 4TZ,South East,Medway,Rochester and Strood,51.3950364,0.5283774,1634968300,Personal care,Homecare agencies,,,0,www.azurecare.co.uk
1-7882444177,1-131475251,Beeches Homecare Services (Kent),Registered,21/11/2019,1st Floor,Whitstable,CT5 1DB,South East,Kent,Canterbury,51.3566497,1.0246296,1227517840,Personal care,Homecare agencies,Good,04/12/2021,0,www.beecheshomecarekent.co.uk
1-791849093,1-101639228,Independent Care and Support Limited,Registered,08/07/2013,"Unit F1, Knights Park Industrial Estate",Rochester,ME2 2LS,South East,Medway,Rochester and Strood,51.390438,0.487621,1634730004,Personal care,Homecare agencies,Requires improvement,24/05/2023,0,www.independent-care.co.uk
1-7945041976,1-6775655114,Lighthouse PVT Ltd,Registered,04/12/2019,69 Maidstone Road,Chatham,ME4 6DP,South East,Medway,Chatham and Aylesford,51.3735518,0.5215231,3330151454,Personal care,Homecare agencies,,,0,
1-7985016750,1-7156776725,Serene Home Care Limited,Registered,11/12/2019,259 Old Road West,Gravesend,DA11 0LU,South East,Kent,Gravesham,51.4358177,0.3539743,,Personal care,Homecare agencies,,,0,
1-8061601793,1-7060236073,Cathrolls' UK Limited,Registered,17/02/2020,"Unit 2, Tannery Court Business Centre",Rochester,ME2 2JH,South East,Medway,Rochester and Strood,51.3929647,0.4913788,1634753252,Personal care,Homecare agencies,,,0,www.cathrollscare.co.uk
1-8134636039,1-6911952040,Best2 Care Ltd – Gravesend Office,Registered,03/01/2020,Office 9 Longferry House,Gravesend,DA11 0BH,South East,Kent,Gravesham,51.4445691,0.3694107,1474632888,Personal care,Homecare agencies,,,0,
1-8174579539,1-7566470444,Your Care,Registered,17/01/2020,166 High Street,Herne Bay,CT6 5AJ,South East,Kent,Herne Bay and Sandwich,51.3712835,1.1297059,1227230888,Personal care,Homecare agencies,Good,30/06/2022,0,www.yourcare-yourhome.co.uk
1-835246962,1-101696436,Wave Hill,Registered,24/07/2013,5 Salisbury Road,Dover,CT15 6DL,South East,Kent,Dover and Deal,51.1525156,1.3816153,7740512943,Personal care,Homecare agencies,Good,25/07/2019,0,
1-8373713405,1-7740560999,Beersheba Social Care Services Limited,Registered,11/03/2020,G37 Crown House,Dartford,DA1 1DZ,South East,Kent,Dartford,51.4459676,0.2201717,7422666759,Personal care,Homecare agencies,,,0,www.beershebacare.com
1-8519277696,1-7933370437,Confident Care 24/7,Registered,11/03/2020,98A Broad Street,Canterbury,CT1 2LU,South East,Kent,Canterbury,51.281098,1.085189,1227763450,Personal care,Homecare agencies; Supported living,,,0,www.confidentcare24.com
1-8817429525,1-8361373557,Vitality Home Health (Sevenoaks),Registered,30/04/2020,"The Crown, 10 High Street",Sevenoaks,TN14 5PQ,South East,Kent,Sevenoaks,51.3129986,0.1902838,1732755582,"Personal care; Treatment of disease, disorder or injury",Homecare agencies,Good,21/10/2021,0,www.vitalityhomehealth.co.uk
1-8900072505,1-177568286,Austen Allen Homecare Ltd T/A Austen Allen Homecare,Registered,15/05/2020,15a,Rochester,ME2 4AB,South East,Medway,Rochester and Strood,51.3939708,0.4978194,,Personal care,Homecare agencies,Good,20/04/2022,0,
1-8906225702,1-5064059060,MC Care,Registered,18/05/2020,"Unit 2, Concord House",Dartford,DA1 1UP,South East,Kent,Dartford,51.4447843,0.2218554,,Personal care,Homecare agencies,Good,04/11/2022,0,
1-8938884643,1-8617800520,CaringHeart Homecare LTD,Registered,24/01/2024,1 James Smith Court,Dartford,DA1 5XF,South East,Kent,Dartford,51.4492117,0.2184425,7908530056,Personal care,Homecare agencies,,,0,
1-8946175856,1-8378585632,Better Lives Supported Living LTD,Registered,08/02/2021,4 Smallhythe Close,Maidstone,ME15 8JJ,South East,Kent,Faversham and Mid Kent,51.2640025,0.5730354,7931345958,Personal care,Supported living,Good,18/05/2022,0,
1-9073911497,1-101721009,Beech Tree Total Care – Dover and Hythe,Registered,23/06/2020,43 High Street,Hythe,CT21 5AD,South East,Kent,Folkestone and Hythe,51.0715561,1.0827496,1303255452,Personal care,Homecare agencies,Good,21/04/2022,0,www.beechtreetotalcare.co.uk
1-9104134215,1-8823279735,Kaplan Care Dartford,Registered,15/07/2020,The Hill Hub,Dartford,DA1 2JH,South East,Kent,Dartford,51.4446441,0.2122573,7301288822,Personal care,Homecare agencies,,,0,www.kaplancare.org
1-9192207356,1-9048931214,Dependable Homecare LTD,Registered,21/08/2020,"118 Ellingham Industrial Centre, Ellingham Way",Ashford,TN23 6LZ,South East,Kent,Ashford,51.1289072,0.8640463,1233801747,Personal care,Homecare agencies,Requires improvement,23/08/2022,0,www.dependablehomecare.co.uk
1-9304774101,1-101721009,"Care at Home Services (South East) Limited – Tonbridge, Tunbridge Wells and South West Kent",Registered,06/08/2020,Unit A,Tunbridge Wells,TN2 3FX,South East,Kent,Tunbridge Wells,51.153872,0.2936317,1892510844,Personal care,Homecare agencies,Good,18/06/2022,0,
1-9360614963,1-8971217278,Galilee Care,Registered,12/08/2020,Unit 18,Chatham,ME5 7DX,South East,Medway,Chatham and Aylesford,51.3642093,0.5461312,7450289692,Personal care,Homecare agencies,,,0,www.galileecare.co.uk
1-947968241,1-904618857,ApproCare,Registered,01/10/2013,"Office 6, Kent House",Sheerness,ME12 1TA,South East,Kent,Sittingbourne and Sheppey,51.441805,0.750922,1795663824,Personal care,Homecare agencies,Requires improvement,01/08/2023,0,www.approcare.co.uk
1-9506139093,1-8774517355,Jasper Conrad Group Ltd,Registered,07/09/2020,69 Monarch Drive,Sittingbourne,ME10 2GR,South East,Kent,Sittingbourne and Sheppey,51.3648364,0.7401454,7368310618,Personal care,Homecare agencies; Supported living,Good,28/04/2022,0,
1-9511584804,1-8277156855,Daisy Care Services,Registered,09/09/2020,New Marlborough House,Rochester,ME2 4QW,South East,Medway,Rochester and Strood,51.3935696,0.5165212,,Personal care,Homecare agencies,Requires improvement,06/09/2022,0,
1-9560836695,1-8780561220,Conscience Care Limited,Registered,17/09/2020,18 Waterstone Way,Greenhithe,DA9 9TU,South East,Kent,Dartford,51.4444065,0.275718,1322314741,Personal care,Homecare agencies; Supported living,Good,13/07/2023,0,
1-9580391323,1-6192052130,Royalcare Ashford,Registered,13/11/2020,Suite32 Williamson House,Ashford,TN23 6LW,South East,Kent,Ashford,51.1326587,0.8667658,1233510131,Personal care,Homecare agencies,Requires improvement,15/07/2022,0,www.royalcare24.co.uk
1-9580586855,1-9036312015,Serenity Supported Living,Registered,25/09/2020,Regus House,Dartford,DA2 6QD,South East,Kent,Dartford,51.455655,0.248784,,Personal care,Supported living,,,0,
1-9617311939,1-8419106463,Livingstone Care Office - Innovation House,Registered,30/09/2020,"Office 31, Floor 1, Innovation House",Sandwich,CT13 9FF,South East,Kent,Herne Bay and Sandwich,51.2877555,1.3443824,7769853836,Personal care,Homecare agencies,Requires improvement,21/10/2023,0,
1-9665521940,1-102642930,NAS Community Services (Kent),Registered,07/10/2020,22-24,Gravesend,DA11 0DN,South East,Kent,Gravesham,51.4433235,0.3690055,1474535057,Personal care,Supported living,Good,08/06/2022,0,www.autism.org.uk
1-9721798311,1-8976830010,Sambhana Care Ltd,Registered,23/10/2020,Unit 12,Chatham,ME5 7DX,South East,Medway,Chatham and Aylesford,51.3642093,0.5461312,7851035934,Personal care,Homecare agencies; Supported living,,,0,
1-9749225981,1-710829848,MidCo Care Kent,Registered,27/10/2020,"Level 1, Oakhurst House",Tunbridge Wells,TN4 8BS,South East,Kent,Tunbridge Wells,51.1323348,0.254907,1732795199,Personal care,Homecare agencies,Good,10/05/2022,0,
1-9829482322,1-9226393522,Rusko Care Ltd,Registered,10/11/2020,24 Bifrons Road,Canterbury,CT4 5DE,South East,Kent,Canterbury,51.2570705,1.1357478,1227830755,"Personal care; Treatment of disease, disorder or injury",Homecare agencies; Supported living,Good,21/05/2022,0,www.ruskocare.co.uk
1-9838801116,1-9156191215,Avengers Prime Care,Registered,11/11/2020,22 Chaplin Drive,Ashford,TN27 9TN,South East,Kent,Weald of Kent,51.1683507,0.6253304,,"Personal care; Treatment of disease, disorder or injury",Homecare agencies,,,0,www.avengersprimecare.co.uk
1-990223635,1-315809199,The Garden of Kent Homecare LTD  t/a The Garden of England Homecare,Registered,11/10/2013,Memory Lane House,Maidstone,ME15 6SX,South East,Kent,Maidstone and Malling,51.2679729,0.5224889,1622674733,Personal care,Homecare agencies,Good,04/01/2019,0,www.goedaycare.co.uk
1-9944023918,1-8805492948,Tendi Care,Registered,27/11/2020,10 Hengist Drive,Aylesford,ME20 7FF,South East,Kent,Maidstone and Malling,51.3006916,0.4728265,1795432645,Personal care,Homecare agencies; Shared lives; Supported living,Good,10/01/2023,0,www.tendicare.co.uk
